location_id,trueskill_score
50f560fbfdc9f065f00053d9,20.2934925765
50f56091fdc9f065f000521c,24.7228731291
50f56267fdc9f065f00059d2,21.3023984893
50f562ddfdc9f065f0005b10,23.6369241428
50f5608afdc9f065f00051c5,25.6401037098
50f56202fdc9f065f0005859,25.0
50f561f3fdc9f065f00057ad,25.762926335
50f56060fdc9f065f000515e,31.8605255241
50f56060fdc9f065f000515f,17.1120445705
50f56060fdc9f065f0005162,25.0
50f56060fdc9f065f0005163,19.6583836045
50f56060fdc9f065f0005164,25.0510092339
50f56060fdc9f065f0005165,15.2904458103
50f56060fdc9f065f0005169,20.2304499119
50f56061fdc9f065f000516b,25.0578685736
50f56061fdc9f065f000516c,25.0578685736
50f56061fdc9f065f000516d,23.8651533577
50f56086fdc9f065f0005172,29.7695500881
50f56086fdc9f065f0005176,17.7635200179
50f56086fdc9f065f0005178,21.7788174895
50f56086fdc9f065f000517e,18.4032706028
50f56087fdc9f065f0005182,24.9421314264
50f56087fdc9f065f0005183,29.7695500881
50f56087fdc9f065f0005184,20.2304499119
50f56087fdc9f065f0005188,17.4984145017
50f56087fdc9f065f0005189,28.7333613609
50f56087fdc9f065f000518c,26.3229678803
50f56087fdc9f065f000518f,28.0307403416
50f56088fdc9f065f0005190,23.2346367546
50f56088fdc9f065f0005193,24.6151413631
50f56088fdc9f065f0005195,22.1162066986
50f56088fdc9f065f000519b,25.0
50f56088fdc9f065f000519c,23.6297391654
50f56088fdc9f065f000519d,20.2304499119
50f56088fdc9f065f00051a0,30.997682824
50f56089fdc9f065f00051a2,18.0234387715
50f56089fdc9f065f00051a6,25.0
50f56089fdc9f065f00051a9,29.7695500881
50f56089fdc9f065f00051ac,22.7696202138
50f5608afdc9f065f00051b2,20.2304499119
50f5608afdc9f065f00051b4,20.2304499119
50f5608afdc9f065f00051b5,28.2978227282
50f5608afdc9f065f00051b7,16.7478652165
50f5608afdc9f065f00051b9,19.2759731677
50f5608afdc9f065f00051ba,19.085488096
50f5608afdc9f065f00051bb,25.0
50f5608afdc9f065f00051bc,17.1882190809
50f5608afdc9f065f00051bf,25.0
50f5608afdc9f065f00051c1,22.6107044808
50f5608afdc9f065f00051c2,31.804851024
50f5608afdc9f065f00051c3,25.0
50f5608afdc9f065f00051c4,22.9149293678
50f5608bfdc9f065f00051ca,25.0
50f5608bfdc9f065f00051cd,20.2304499119
50f5608bfdc9f065f00051ce,33.5565198926
50f5608bfdc9f065f00051cf,30.1593434622
50f5608bfdc9f065f00051d0,24.2302801409
50f5608bfdc9f065f00051d5,29.7695500881
50f5608bfdc9f065f00051d7,29.7695500881
50f5608dfdc9f065f00051db,29.7695500881
50f5608dfdc9f065f00051dd,17.4984145017
50f5608dfdc9f065f00051df,32.5015854983
50f5608dfdc9f065f00051e2,24.033434461
50f5608dfdc9f065f00051ec,31.2634976463
50f5608dfdc9f065f00051ef,24.9421314264
50f5608dfdc9f065f00051f3,31.0443326099
50f5608efdc9f065f00051f5,15.0564621884
50f5608efdc9f065f00051f7,25.0
50f5608efdc9f065f00051fd,32.5015854983
50f5608efdc9f065f0005202,29.7695500881
50f56091fdc9f065f0005203,23.1265725675
50f56091fdc9f065f0005207,20.2304499119
50f56091fdc9f065f0005208,16.7639979223
50f56091fdc9f065f000520a,34.6209159872
50f56091fdc9f065f000520c,25.0
50f56091fdc9f065f000520f,24.447464467
50f56091fdc9f065f0005210,25.0
50f56091fdc9f065f0005211,16.0876913539
50f56091fdc9f065f0005213,26.757786771
50f56091fdc9f065f0005215,25.0
50f56091fdc9f065f0005217,25.0
50f56091fdc9f065f0005219,25.0578685736
50f56091fdc9f065f000521b,25.0
50f56091fdc9f065f000521d,27.4382092961
50f56091fdc9f065f0005221,25.0
50f56091fdc9f065f0005222,31.4806698723
50f56092fdc9f065f0005223,25.0
50f56092fdc9f065f0005227,25.1815874341
50f56092fdc9f065f000522c,35.9747854845
50f56092fdc9f065f000522d,28.1730757115
50f56092fdc9f065f000522e,33.4498113812
50f56092fdc9f065f0005230,19.9172323497
50f56092fdc9f065f0005232,18.9770089125
50f56092fdc9f065f0005234,20.2304499119
50f56092fdc9f065f0005235,26.4636474009
50f56092fdc9f065f0005236,25.0578685736
50f56092fdc9f065f0005237,29.7695500881
50f56092fdc9f065f000523a,20.2304499119
50f56092fdc9f065f000523b,28.1730757115
50f56092fdc9f065f000523f,25.0
50f56092fdc9f065f0005241,29.7695500881
50f56092fdc9f065f0005245,21.1316563327
50f56092fdc9f065f0005246,31.8723710746
50f56092fdc9f065f0005249,17.8516448009
50f56092fdc9f065f000524c,24.957575204
50f56099fdc9f065f000524e,25.0
50f56099fdc9f065f0005254,29.7695500881
50f56099fdc9f065f000525a,18.4511650143
50f56099fdc9f065f000525b,25.0
50f56099fdc9f065f000525c,32.0185081733
50f56099fdc9f065f000525d,32.5015854983
50f5609afdc9f065f000525f,26.431802989
50f5609afdc9f065f0005261,19.8660854796
50f5609afdc9f065f0005262,17.4984145017
50f5609afdc9f065f0005264,25.0
50f5609afdc9f065f0005265,27.1895110212
50f5609afdc9f065f0005266,20.2304499119
50f5609afdc9f065f0005267,15.6281248295
50f5609afdc9f065f000526b,20.0877771888
50f5609afdc9f065f000526c,15.9807751403
50f5609afdc9f065f000526e,20.2304499119
50f5609afdc9f065f000526f,24.7303878061
50f5609afdc9f065f0005270,22.4848673148
50f5609afdc9f065f0005275,25.7966784611
50f5609afdc9f065f0005278,28.166213655
50f5609afdc9f065f0005279,25.0
50f5609afdc9f065f000527c,17.4984145017
50f5609afdc9f065f000527e,32.0767389992
50f5609afdc9f065f000528b,35.2264269918
50f5609afdc9f065f000528c,25.0
50f5609afdc9f065f000528f,25.0
50f5609afdc9f065f0005293,26.3109527517
50f5609afdc9f065f0005299,22.436205922
50f5609bfdc9f065f000529d,31.6404505286
50f5609bfdc9f065f00052a1,20.2304499119
50f5609bfdc9f065f00052a2,20.2304499119
50f5609bfdc9f065f00052a3,30.8266786724
50f5609bfdc9f065f00052aa,25.4887030297
50f5609bfdc9f065f00052ab,24.9421314264
50f5609bfdc9f065f00052ae,21.6760300205
50f5609bfdc9f065f00052b9,24.4182681865
50f5609bfdc9f065f00052c1,27.4289518847
50f5609bfdc9f065f00052c2,29.7695500881
50f5609bfdc9f065f00052c3,21.7788174895
50f5609bfdc9f065f00052c4,25.0
50f5609bfdc9f065f00052c5,25.0578685736
50f5609bfdc9f065f00052d5,12.4310758148
50f5609bfdc9f065f00052d8,29.7695500881
50f5609cfdc9f065f00052de,25.0
50f5609cfdc9f065f00052e5,20.2304499119
50f5609cfdc9f065f00052e6,25.0
50f5609cfdc9f065f00052ea,29.7695500881
50f560ebfdc9f065f00052ec,25.0
50f560ecfdc9f065f00052ed,19.7435196304
50f560ecfdc9f065f00052f1,25.0
50f560ecfdc9f065f00052f3,24.9421314264
50f560ecfdc9f065f00052f4,32.8133189389
50f560ecfdc9f065f00052f6,18.1417427932
50f560ecfdc9f065f00052f9,35.1908273826
50f560ecfdc9f065f00052fb,24.328746983
50f560edfdc9f065f00052fd,26.8734274325
50f560edfdc9f065f00052fe,34.2470107899
50f560edfdc9f065f00052ff,19.95668293
50f560edfdc9f065f0005301,20.2304499119
50f560edfdc9f065f0005302,22.8745493711
50f560edfdc9f065f0005303,27.7082401872
50f560edfdc9f065f0005304,25.0
50f560edfdc9f065f000530a,29.7695500881
50f560eefdc9f065f000530b,19.4604688916
50f560eefdc9f065f000530c,16.4635298818
50f560eefdc9f065f000530e,22.6382207787
50f560eefdc9f065f0005311,22.4475551308
50f560eefdc9f065f0005314,23.5640786988
50f560effdc9f065f0005317,20.4508749053
50f560effdc9f065f000531d,17.4984145017
50f560effdc9f065f000531e,21.2666386391
50f560effdc9f065f000531f,16.7207070834
50f560effdc9f065f0005321,20.5452547282
50f560effdc9f065f0005323,29.7695500881
50f560effdc9f065f0005324,17.1120445705
50f560effdc9f065f0005327,21.7021772718
50f560f0fdc9f065f0005328,16.4686699031
50f560f0fdc9f065f000532a,29.7695500881
50f560f0fdc9f065f000532b,21.7788174895
50f560f0fdc9f065f000532d,25.0
50f560f0fdc9f065f0005330,25.7697198591
50f560f0fdc9f065f0005331,19.5220084183
50f560f1fdc9f065f000533a,32.7479218089
50f560f1fdc9f065f000533d,17.4984145017
50f560f1fdc9f065f000533e,29.5285341842
50f560f2fdc9f065f0005345,20.0656675988
50f560f2fdc9f065f0005346,20.2304499119
50f560f2fdc9f065f000534a,25.0
50f560f2fdc9f065f000534e,32.2655920197
50f560f4fdc9f065f0005356,29.7695500881
50f560f4fdc9f065f0005357,25.0
50f560f4fdc9f065f0005358,25.0
50f560f4fdc9f065f000535c,27.1069251383
50f560f4fdc9f065f0005361,25.6074235624
50f560f4fdc9f065f0005364,25.0578685736
50f560f4fdc9f065f0005368,20.2304499119
50f560f4fdc9f065f000536a,25.0
50f560f4fdc9f065f000536f,19.6385862894
50f560f4fdc9f065f0005370,25.5867894175
50f560f4fdc9f065f0005374,19.5187628699
50f560f4fdc9f065f0005377,21.2666386391
50f560f5fdc9f065f000537b,22.3793371391
50f560f5fdc9f065f000537c,30.3833530323
50f560f5fdc9f065f0005380,28.7333613609
50f560f5fdc9f065f0005385,22.8390417757
50f560f5fdc9f065f0005386,22.0205994339
50f560f5fdc9f065f0005387,17.8533894666
50f560f5fdc9f065f0005389,20.6998492298
50f560f9fdc9f065f0005390,16.9211885564
50f560fafdc9f065f0005392,29.7695500881
50f560fafdc9f065f0005395,15.5080281286
50f560fafdc9f065f0005397,13.7301417674
50f560fafdc9f065f0005398,21.3608869641
50f560fafdc9f065f000539b,29.7695500881
50f560fafdc9f065f000539e,25.0
50f560fafdc9f065f000539f,24.0645700429
50f560fafdc9f065f00053a1,20.3589504924
50f560fafdc9f065f00053a2,20.3043025563
50f560fafdc9f065f00053a3,20.2890815002
50f560fafdc9f065f00053a4,20.2304499119
50f560fafdc9f065f00053aa,28.487891437
50f560fafdc9f065f00053ac,24.9080453561
50f560fafdc9f065f00053b2,18.4032706028
50f560fafdc9f065f00053b7,26.0852724019
50f560fafdc9f065f00053b8,25.0
50f560fafdc9f065f00053bc,30.6378170109
50f560fafdc9f065f00053bd,25.0
50f560fafdc9f065f00053bf,20.4296344356
50f560fafdc9f065f00053c0,28.3802306265
50f560fafdc9f065f00053c1,16.9865801987
50f560fafdc9f065f00053c5,22.0784202516
50f560fafdc9f065f00053c8,17.7905857725
50f560fafdc9f065f00053ca,25.0
50f560fafdc9f065f00053cc,21.2666386391
50f560fafdc9f065f00053ce,17.7437028084
50f560fafdc9f065f00053d1,18.3153113076
50f560fbfdc9f065f00053d3,20.2304499119
50f560fbfdc9f065f00053db,21.1312068887
50f560fbfdc9f065f00053dd,21.7021772718
50f560fbfdc9f065f00053e4,23.0104388337
50f560fbfdc9f065f00053e7,29.7695500881
50f560fbfdc9f065f00053ea,21.0823773657
50f560fbfdc9f065f00053f1,28.1617807311
50f5611cfdc9f065f00053f9,30.6125632021
50f5611cfdc9f065f00053fb,29.8209541213
50f5611cfdc9f065f00053fc,20.2304499119
50f5611cfdc9f065f00053ff,33.462010753
50f5611dfdc9f065f0005401,29.7695500881
50f5611dfdc9f065f0005402,20.9951085367
50f5611dfdc9f065f0005404,29.7695500881
50f5611dfdc9f065f000540b,25.0
50f5611dfdc9f065f000540c,29.7695500881
50f5611dfdc9f065f000540d,19.1306157566
50f5611dfdc9f065f000540e,21.2666386391
50f5611dfdc9f065f000540f,25.0
50f5611dfdc9f065f0005410,15.4333289979
50f5611efdc9f065f0005419,14.6943102667
50f5611efdc9f065f000541c,24.6886072291
50f5611efdc9f065f000541d,17.1311548277
50f5611ffdc9f065f0005421,27.1782554518
50f5611ffdc9f065f0005422,17.6767555262
50f5611ffdc9f065f0005428,25.0
50f5611ffdc9f065f000542e,17.8682591527
50f5611ffdc9f065f0005431,29.7695500881
50f5611ffdc9f065f0005432,29.7695500881
50f5611ffdc9f065f0005433,20.2304499119
50f5611ffdc9f065f0005434,25.0
50f56120fdc9f065f0005436,23.804644146
50f56120fdc9f065f0005439,21.8506618014
50f56120fdc9f065f000543a,29.7695500881
50f56120fdc9f065f000543c,14.7523142306
50f56120fdc9f065f0005442,20.6061856785
50f56120fdc9f065f0005443,22.9994023601
50f56121fdc9f065f0005444,21.7454839435
50f56121fdc9f065f0005446,33.0879676608
50f56121fdc9f065f0005448,25.0578685736
50f56121fdc9f065f0005449,25.0578685736
50f56121fdc9f065f000544f,20.2304499119
50f56122fdc9f065f0005451,25.0
50f56122fdc9f065f0005452,21.8269242885
50f56122fdc9f065f0005453,18.4032706028
50f56122fdc9f065f0005457,25.0578685736
50f56122fdc9f065f000545c,33.8075560281
50f56122fdc9f065f000545f,30.3846715608
50f56122fdc9f065f0005460,25.0
50f56122fdc9f065f0005468,23.3226430332
50f56125fdc9f065f000546b,33.1532924199
50f56125fdc9f065f000546c,25.0578685736
50f56125fdc9f065f000547d,18.3153113076
50f56125fdc9f065f000547e,18.309577459
50f56125fdc9f065f0005481,17.4984145017
50f56125fdc9f065f0005486,17.4984145017
50f56125fdc9f065f0005488,29.7695500881
50f56125fdc9f065f0005489,27.3132988698
50f56125fdc9f065f000548a,26.3719488388
50f56125fdc9f065f000548c,20.7660762747
50f56125fdc9f065f000548f,25.0
50f56125fdc9f065f0005490,29.7256743935
50f56125fdc9f065f0005491,23.1811157419
50f56125fdc9f065f0005495,14.0505149567
50f56125fdc9f065f0005496,25.0578685736
50f56125fdc9f065f000549c,14.07654953
50f56125fdc9f065f000549d,33.5313300969
50f56125fdc9f065f00054a2,29.7695500881
50f56126fdc9f065f00054a8,24.1352985142
50f56126fdc9f065f00054a9,29.3740031785
50f56126fdc9f065f00054ab,31.6060465151
50f56126fdc9f065f00054ad,25.0
50f56126fdc9f065f00054b1,18.4032706028
50f56126fdc9f065f00054b2,17.6392587631
50f56126fdc9f065f00054b3,20.2304499119
50f5612cfdc9f065f00054b7,16.6518528038
50f5612dfdc9f065f00054bb,28.9649814284
50f5612dfdc9f065f00054c0,25.0
50f5612dfdc9f065f00054c3,25.0
50f5612dfdc9f065f00054c4,20.2304499119
50f5612dfdc9f065f00054c5,18.9594642586
50f5612dfdc9f065f00054c9,16.1993689065
50f5612dfdc9f065f00054cf,23.1910043134
50f5612dfdc9f065f00054d0,20.758136416
50f5612dfdc9f065f00054d2,34.3268680444
50f5612dfdc9f065f00054d3,15.6167649046
50f5612dfdc9f065f00054d5,32.5015854983
50f5612dfdc9f065f00054d7,18.123874779
50f5612dfdc9f065f00054da,20.5141259262
50f5612dfdc9f065f00054db,28.5173090116
50f5612dfdc9f065f00054df,26.2447657718
50f5612dfdc9f065f00054e7,31.5967293972
50f5612dfdc9f065f00054e8,24.9421314264
50f5612dfdc9f065f00054ed,18.146675422
50f5612dfdc9f065f00054f1,23.6890472483
50f5612dfdc9f065f00054f2,25.0
50f5612efdc9f065f00054f3,34.3029870382
50f5612efdc9f065f00054f5,25.0
50f5612efdc9f065f00054f8,25.0
50f5612efdc9f065f00054f9,18.4032706028
50f5612efdc9f065f00054fa,32.2723848266
50f5612efdc9f065f00054fc,15.1744749041
50f5612efdc9f065f00054fd,17.210813258
50f5612efdc9f065f00054ff,21.0255345778
50f5612efdc9f065f0005501,30.3150344491
50f5612efdc9f065f0005506,29.3599353396
50f5612efdc9f065f0005507,32.8120240677
50f5612efdc9f065f000550a,25.4632255432
50f5612efdc9f065f000550c,25.8806758581
50f5612efdc9f065f0005510,20.4170373125
50f5612efdc9f065f0005512,25.0
50f5612efdc9f065f0005518,30.5636715321
50f5612efdc9f065f000551b,25.0
50f5612efdc9f065f000551f,14.4340584759
50f5612efdc9f065f0005521,23.4197287979
50f5612efdc9f065f0005524,29.7694541387
50f5612efdc9f065f0005526,28.7333613609
50f5612efdc9f065f0005527,20.2304499119
50f5612efdc9f065f000552a,32.5015854983
50f5612efdc9f065f000552b,16.2540999497
50f5612ffdc9f065f0005530,18.1035349597
50f5612ffdc9f065f0005532,17.4984145017
50f5612ffdc9f065f0005534,25.8246644945
50f5612ffdc9f065f0005535,25.0
50f5612ffdc9f065f0005538,20.1583532681
50f5612ffdc9f065f000553a,21.2132003294
50f5612ffdc9f065f0005544,32.078160537
50f5612ffdc9f065f0005545,28.2978227282
50f5612ffdc9f065f0005546,31.5967293972
50f5612ffdc9f065f0005548,22.32778347
50f56193fdc9f065f000554b,16.6620859948
50f56194fdc9f065f0005553,33.6520475604
50f56194fdc9f065f0005555,20.2304499119
50f56194fdc9f065f0005556,16.3663688025
50f56194fdc9f065f0005558,29.7695500881
50f56194fdc9f065f0005559,25.0
50f56195fdc9f065f000555f,20.2304499119
50f56195fdc9f065f0005561,27.0566791056
50f56195fdc9f065f0005564,29.7695500881
50f56195fdc9f065f0005565,25.0
50f56195fdc9f065f0005568,32.8609176758
50f56195fdc9f065f000556a,20.2304499119
50f56195fdc9f065f000556d,16.2790383229
50f56195fdc9f065f000556e,25.0
50f56195fdc9f065f000556f,24.5607710764
50f56195fdc9f065f0005574,27.5802990106
50f56196fdc9f065f0005575,25.0
50f56196fdc9f065f0005576,17.4984145017
50f56196fdc9f065f0005578,25.0
50f56196fdc9f065f0005579,29.3963314516
50f56196fdc9f065f000557c,25.0
50f56196fdc9f065f000557d,25.0
50f56196fdc9f065f0005580,25.0
50f56197fdc9f065f0005582,29.6112532399
50f56197fdc9f065f0005583,16.8389329598
50f56198fdc9f065f000558e,32.8879554295
50f56198fdc9f065f000558f,30.2564803696
50f56198fdc9f065f0005591,19.3896813423
50f56198fdc9f065f0005592,25.0
50f56198fdc9f065f0005593,25.0
50f56198fdc9f065f0005595,26.4425678019
50f56198fdc9f065f0005596,21.0482114126
50f56198fdc9f065f0005597,26.3720327866
50f56198fdc9f065f0005598,13.433686202
50f56198fdc9f065f000559b,19.1540971199
50f56198fdc9f065f000559d,32.4621431717
50f56198fdc9f065f000559e,17.1445951782
50f56198fdc9f065f000559f,16.4076154882
50f56198fdc9f065f00055a1,31.5967293972
50f56198fdc9f065f00055a2,20.2304499119
50f56198fdc9f065f00055a9,32.2919597551
50f56198fdc9f065f00055aa,30.3499629026
50f56199fdc9f065f00055ae,25.0
50f56199fdc9f065f00055af,24.2130579134
50f5619afdc9f065f00055b1,15.6218969269
50f5619afdc9f065f00055ba,27.3530682484
50f5619afdc9f065f00055bb,29.2862936381
50f5619afdc9f065f00055bc,20.2304499119
50f5619afdc9f065f00055c1,18.7187150066
50f5619afdc9f065f00055c2,25.0
50f5619afdc9f065f00055c8,25.2317717415
50f5619afdc9f065f00055c9,25.0
50f5619afdc9f065f00055cd,25.0
50f5619afdc9f065f00055ce,23.7833384864
50f5619afdc9f065f00055d1,29.7695500881
50f5619bfdc9f065f00055d3,25.0
50f5619ffdc9f065f00055d4,17.4984145017
50f5619ffdc9f065f00055d5,18.4531482759
50f5619ffdc9f065f00055d7,20.2304499119
50f5619ffdc9f065f00055e4,30.2525425695
50f5619ffdc9f065f00055e5,17.0327833021
50f5619ffdc9f065f00055eb,16.4146092515
50f5619ffdc9f065f00055ed,31.6571166073
50f5619ffdc9f065f00055ee,33.5073912962
50f5619ffdc9f065f00055f4,20.2304499119
50f5619ffdc9f065f00055f5,20.2304499119
50f5619ffdc9f065f00055f7,25.0720903158
50f5619ffdc9f065f00055f9,25.0
50f5619ffdc9f065f00055fa,29.7695500881
50f5619ffdc9f065f00055fb,25.0578685736
50f5619ffdc9f065f00055fc,24.4881850431
50f5619ffdc9f065f00055fe,21.2666386391
50f5619ffdc9f065f0005601,22.0947032309
50f5619ffdc9f065f0005602,21.6041627336
50f5619ffdc9f065f0005604,30.233485333
50f5619ffdc9f065f0005607,29.9537898485
50f5619ffdc9f065f0005608,14.3456690336
50f561a0fdc9f065f000560c,20.2304499119
50f561a0fdc9f065f0005611,25.0
50f561a0fdc9f065f0005614,31.0747251051
50f561a0fdc9f065f0005619,20.2304499119
50f561a0fdc9f065f000561a,27.6377358332
50f561a0fdc9f065f000561b,16.825714344
50f561a0fdc9f065f000561e,28.4614473792
50f561a0fdc9f065f0005620,25.1280408536
50f561a0fdc9f065f0005623,18.7555442825
50f561a0fdc9f065f0005624,14.3031442186
50f561a0fdc9f065f0005627,18.2996791117
50f561a0fdc9f065f000562c,25.0
50f561a0fdc9f065f000562e,29.7695500881
50f561a0fdc9f065f000562f,27.5161539571
50f561a0fdc9f065f0005631,28.020933561
50f561a0fdc9f065f0005632,27.5658644524
50f561a0fdc9f065f0005635,25.8577995386
50f561a0fdc9f065f0005636,20.2841296568
50f561bbfdc9f065f0005638,19.4458978526
50f561bbfdc9f065f0005639,16.6357553259
50f561bcfdc9f065f000563a,14.8919894513
50f561bcfdc9f065f000563d,19.2366732992
50f561bcfdc9f065f0005640,18.2098226379
50f561bcfdc9f065f0005641,18.9471381836
50f561bcfdc9f065f0005646,29.7695500881
50f561bcfdc9f065f0005648,25.0997507742
50f561bcfdc9f065f000564a,23.8865115471
50f561bdfdc9f065f000564b,10.5175373165
50f561bdfdc9f065f000564c,31.1626141628
50f561bdfdc9f065f0005651,20.2304499119
50f561bdfdc9f065f0005652,25.0
50f561bdfdc9f065f0005654,25.0
50f561bdfdc9f065f000565b,25.0
50f561befdc9f065f0005660,17.5527912744
50f561befdc9f065f0005662,17.4984145017
50f561befdc9f065f0005663,26.8602947758
50f561befdc9f065f0005665,19.6744382804
50f561befdc9f065f0005666,22.2293464523
50f561befdc9f065f0005667,16.5625396374
50f561befdc9f065f0005668,34.0145428441
50f561befdc9f065f0005669,29.007391681
50f561befdc9f065f000566b,25.0
50f561befdc9f065f000566c,16.2830615247
50f561befdc9f065f000566d,29.7695500881
50f561bffdc9f065f0005674,23.1772296002
50f561bffdc9f065f0005678,23.445160508
50f561bffdc9f065f000567c,18.7150627238
50f561bffdc9f065f000567f,25.0
50f561bffdc9f065f0005683,25.0
50f561bffdc9f065f0005684,25.0
50f561c0fdc9f065f0005686,18.4032706028
50f561c0fdc9f065f0005688,27.1101988674
50f561c1fdc9f065f0005689,25.0
50f561c1fdc9f065f000568b,15.6741465727
50f561c1fdc9f065f000568d,24.246729843
50f561c1fdc9f065f0005692,24.3228746998
50f561c1fdc9f065f0005694,17.042516499
50f561c1fdc9f065f0005695,24.9421314264
50f561c1fdc9f065f0005696,23.2627173767
50f561c1fdc9f065f0005698,31.6504741859
50f561c1fdc9f065f000569a,21.6851207735
50f561c1fdc9f065f000569d,25.0
50f561c1fdc9f065f000569e,25.0
50f561c1fdc9f065f000569f,21.463757149
50f561c1fdc9f065f00056a1,26.0034011067
50f561c1fdc9f065f00056a3,29.7695500881
50f561c1fdc9f065f00056a5,17.4984145017
50f561c1fdc9f065f00056a8,25.0
50f561c1fdc9f065f00056a9,21.1535288526
50f561c4fdc9f065f00056b1,25.0
50f561c4fdc9f065f00056b3,24.9726466572
50f561c4fdc9f065f00056b4,21.8958409638
50f561c4fdc9f065f00056b6,20.2304499119
50f561c4fdc9f065f00056b9,22.0237342345
50f561c4fdc9f065f00056ba,25.0
50f561c4fdc9f065f00056bb,25.0
50f561c4fdc9f065f00056bc,29.794820298
50f561c4fdc9f065f00056bf,24.3244497589
50f561c4fdc9f065f00056c1,29.7695500881
50f561c4fdc9f065f00056c3,28.692631641
50f561c4fdc9f065f00056c4,25.0
50f561c4fdc9f065f00056c5,25.9734550461
50f561c4fdc9f065f00056c9,24.1343310442
50f561c4fdc9f065f00056ca,28.2211825105
50f561c4fdc9f065f00056cb,20.2304499119
50f561c4fdc9f065f00056cc,20.2304499119
50f561c4fdc9f065f00056ce,29.7695500881
50f561c4fdc9f065f00056d0,25.0
50f561c4fdc9f065f00056d1,25.0
50f561c4fdc9f065f00056d5,24.9421314264
50f561c4fdc9f065f00056d7,20.2304499119
50f561c4fdc9f065f00056d9,25.0
50f561c4fdc9f065f00056db,25.0
50f561c5fdc9f065f00056dc,20.2304499119
50f561c5fdc9f065f00056dd,34.3352496476
50f561c5fdc9f065f00056e5,24.5371447461
50f561c5fdc9f065f00056ea,25.0
50f561cafdc9f065f00056eb,20.2304499119
50f561cafdc9f065f00056ec,21.9678496228
50f561cafdc9f065f00056ed,20.2304499119
50f561cafdc9f065f00056f0,18.3032779389
50f561cafdc9f065f00056f2,18.8058482687
50f561cafdc9f065f00056f3,29.7695500881
50f561cafdc9f065f00056f6,24.7197494537
50f561cafdc9f065f00056f7,19.298569747
50f561cbfdc9f065f00056f8,20.2304499119
50f561cbfdc9f065f00056f9,30.9546662148
50f561cbfdc9f065f0005701,20.2304499119
50f561cbfdc9f065f0005702,25.122205831
50f561cbfdc9f065f0005706,21.399400775
50f561cbfdc9f065f0005709,19.9138441631
50f561cbfdc9f065f000570a,25.0
50f561cbfdc9f065f000570b,24.4132105825
50f561cbfdc9f065f000571c,28.4904078773
50f561cbfdc9f065f000571d,24.9989798461
50f561cbfdc9f065f0005721,31.5967293972
50f561cbfdc9f065f0005722,28.1041590362
50f561cbfdc9f065f0005725,24.603492941
50f561cbfdc9f065f0005728,27.6697587517
50f561cbfdc9f065f000572d,20.2304499119
50f561cbfdc9f065f0005735,25.0
50f561cbfdc9f065f0005737,18.6235489777
50f561ccfdc9f065f0005738,20.2304499119
50f561ccfdc9f065f0005739,25.0
50f561ccfdc9f065f0005740,28.1477486975
50f561ccfdc9f065f0005741,21.2666386391
50f561ccfdc9f065f0005742,28.2408178126
50f561ccfdc9f065f0005743,28.1041590362
50f561ccfdc9f065f0005747,25.0
50f561ccfdc9f065f000574a,29.7695500881
50f561ccfdc9f065f000574e,28.3429217848
50f561ccfdc9f065f0005750,22.7946534038
50f561ccfdc9f065f0005752,20.7332080431
50f561ccfdc9f065f0005755,25.0
50f561ccfdc9f065f0005757,24.5297636733
50f561ccfdc9f065f0005759,28.1730757115
50f561ccfdc9f065f000575d,18.2996791117
50f561ccfdc9f065f000575e,24.1678571512
50f561ccfdc9f065f000575f,30.7949835478
50f561ccfdc9f065f0005760,25.9299486239
50f561ccfdc9f065f0005761,36.7611719601
50f561ccfdc9f065f0005766,25.0
50f561ccfdc9f065f0005768,20.2304499119
50f561ccfdc9f065f000576d,29.7695500881
50f561ccfdc9f065f000576e,27.3875144618
50f561ccfdc9f065f000576f,26.1330978315
50f561effdc9f065f0005772,29.7695500881
50f561f0fdc9f065f0005779,25.0
50f561f0fdc9f065f0005781,12.5294994522
50f561f0fdc9f065f0005782,22.6832637634
50f561f0fdc9f065f0005785,25.0
50f561f0fdc9f065f0005786,25.0578685736
50f561f0fdc9f065f0005789,17.7458533171
50f561f1fdc9f065f0005790,24.5194822653
50f561f2fdc9f065f000579f,31.7003208883
50f561f2fdc9f065f00057a0,20.8834180259
50f561f2fdc9f065f00057a1,25.0
50f561f2fdc9f065f00057a2,25.0
50f561f2fdc9f065f00057a3,29.7695500881
50f561f3fdc9f065f00057a4,30.6787294487
50f561f3fdc9f065f00057a6,20.2304499119
50f561f3fdc9f065f00057a8,27.2824539504
50f561f3fdc9f065f00057aa,25.0
50f561f3fdc9f065f00057ae,19.1247606361
50f561f3fdc9f065f00057b0,20.2304499119
50f561f3fdc9f065f00057b1,22.5550262419
50f561f3fdc9f065f00057b2,23.8898801469
50f561f3fdc9f065f00057b4,24.7144809898
50f561f3fdc9f065f00057b5,20.2304499119
50f561f3fdc9f065f00057b7,25.3999629392
50f561f3fdc9f065f00057b9,18.5692100781
50f561f4fdc9f065f00057c2,29.7695500881
50f561f4fdc9f065f00057c3,31.7003208883
50f561f4fdc9f065f00057c4,29.7695500881
50f561f4fdc9f065f00057c5,29.1305762497
50f561f4fdc9f065f00057c6,21.0348940449
50f561f4fdc9f065f00057c7,25.0578685736
50f561f4fdc9f065f00057c9,18.1305533225
50f561f4fdc9f065f00057cd,30.7749738638
50f561f6fdc9f065f00057d1,25.0
50f561f6fdc9f065f00057db,28.7333613609
50f561f6fdc9f065f00057dd,20.5829653841
50f561f6fdc9f065f00057e5,21.7912211648
50f561f6fdc9f065f00057e6,29.7695500881
50f561f6fdc9f065f00057ea,21.1669859118
50f561f6fdc9f065f00057f0,25.0
50f561f6fdc9f065f00057f2,28.4547505802
50f561f6fdc9f065f00057f4,25.7765033959
50f561fafdc9f065f00057f8,17.1120445705
50f561fafdc9f065f00057fa,24.2547625283
50f561fafdc9f065f00057fc,25.0
50f561fafdc9f065f0005801,25.0
50f561fafdc9f065f0005802,21.291102191
50f561fafdc9f065f0005803,34.3352496476
50f561fafdc9f065f0005807,18.3227371441
50f561fafdc9f065f0005809,21.9701312928
50f561fafdc9f065f000580a,21.8928227492
50f561fafdc9f065f000580d,28.7333613609
50f561fafdc9f065f000580f,19.0222108526
50f561fafdc9f065f0005811,20.2304499119
50f561fafdc9f065f0005817,16.6588877044
50f561fafdc9f065f0005818,17.0330306208
50f561fafdc9f065f0005819,19.7435196304
50f561fafdc9f065f000581a,20.2304499119
50f561fafdc9f065f000581c,26.1475427403
50f561fafdc9f065f000581d,23.2270004378
50f561fafdc9f065f000581e,33.5073912962
50f561fafdc9f065f0005820,17.8669407825
50f561fafdc9f065f0005822,21.5604661349
50f561fafdc9f065f0005824,25.9505029742
50f561fafdc9f065f0005825,20.0700433364
50f561fafdc9f065f0005826,20.6054290411
50f561fbfdc9f065f000582b,28.3740268236
50f561fbfdc9f065f000582d,25.0
50f561fbfdc9f065f000582e,31.6846886924
50f561fbfdc9f065f0005832,21.9330963593
50f561fbfdc9f065f0005833,17.4984145017
50f561fbfdc9f065f0005836,18.4032706028
50f561fbfdc9f065f0005838,16.9012966936
50f561fbfdc9f065f0005839,20.2304499119
50f56202fdc9f065f0005845,19.494100104
50f56202fdc9f065f0005846,27.2443338604
50f56202fdc9f065f0005847,25.0
50f56202fdc9f065f0005848,17.4511887872
50f56202fdc9f065f0005849,25.0
50f56202fdc9f065f000584b,17.9948710658
50f56202fdc9f065f000584c,26.2360973913
50f56202fdc9f065f000584d,21.7021772718
50f56202fdc9f065f000584f,29.7695500881
50f56202fdc9f065f0005850,17.6863585994
50f56202fdc9f065f0005852,24.2302801409
50f56202fdc9f065f0005856,25.0
50f56202fdc9f065f000585e,28.2211825105
50f56202fdc9f065f000585f,17.7415715898
50f56203fdc9f065f0005862,23.2671707839
50f56203fdc9f065f0005866,19.3783590887
50f56203fdc9f065f000586c,32.5015854983
50f56203fdc9f065f000586d,24.1008946727
50f56203fdc9f065f000586e,16.4561807697
50f56203fdc9f065f0005873,18.3094421302
50f56203fdc9f065f0005874,29.7695500881
50f56203fdc9f065f0005877,23.6025342845
50f56203fdc9f065f000587a,22.7650657737
50f56203fdc9f065f000587b,21.7788174895
50f56203fdc9f065f0005880,20.5235465303
50f56203fdc9f065f0005882,17.4330159934
50f56203fdc9f065f0005883,25.0
50f56203fdc9f065f0005884,32.3546337948
50f56203fdc9f065f0005885,20.2304499119
50f56203fdc9f065f0005888,15.9114942182
50f56203fdc9f065f000588b,17.4984145017
50f56203fdc9f065f000588e,25.7697198591
50f56203fdc9f065f0005890,19.3942590146
50f56203fdc9f065f0005891,25.0
50f56203fdc9f065f0005892,15.8716509061
50f56203fdc9f065f0005895,27.0731910639
50f56203fdc9f065f0005896,31.7003208883
50f56203fdc9f065f0005897,28.7333613609
50f56203fdc9f065f0005899,31.5967293972
50f56204fdc9f065f000589a,25.0
50f56204fdc9f065f000589c,21.339322797
50f56204fdc9f065f000589d,25.0
50f56204fdc9f065f000589f,21.0452803811
50f56204fdc9f065f00058a1,29.0043639578
50f56204fdc9f065f00058a3,29.7695500881
50f56204fdc9f065f00058a4,20.2304499119
50f56204fdc9f065f00058a8,17.6388648655
50f56204fdc9f065f00058aa,28.1041590362
50f56204fdc9f065f00058ab,17.0382679987
50f56204fdc9f065f00058ae,29.7695500881
50f56204fdc9f065f00058af,35.4551782365
50f56204fdc9f065f00058b3,25.0
50f56204fdc9f065f00058b4,25.0578685736
50f56204fdc9f065f00058b6,20.2304499119
50f56204fdc9f065f00058b9,18.4032706028
50f56204fdc9f065f00058bd,25.0
50f56204fdc9f065f00058bf,25.0
50f56204fdc9f065f00058c0,25.0
50f56204fdc9f065f00058c3,21.1920215762
50f56204fdc9f065f00058c6,22.6774944213
50f56204fdc9f065f00058ca,27.5155062566
50f56204fdc9f065f00058cc,20.2304499119
50f56204fdc9f065f00058cd,25.0
50f56204fdc9f065f00058ce,32.7253286201
50f56205fdc9f065f00058d3,32.3320190883
50f56205fdc9f065f00058d8,19.1343258572
50f56205fdc9f065f00058da,25.0
50f56205fdc9f065f00058dd,25.0
50f56205fdc9f065f00058df,29.7695500881
50f56205fdc9f065f00058e1,32.6522524795
50f56205fdc9f065f00058e6,20.2304499119
50f56205fdc9f065f00058e8,15.3700423593
50f56205fdc9f065f00058ee,21.3187354181
50f56205fdc9f065f00058ef,25.0
50f56205fdc9f065f00058f0,25.0
50f56205fdc9f065f00058f3,25.0
50f56205fdc9f065f00058f4,25.0
50f56205fdc9f065f00058f6,20.2304499119
50f56205fdc9f065f00058f7,21.7788174895
50f56205fdc9f065f00058fb,19.0942052679
50f56254fdc9f065f00058fc,32.1061025681
50f56254fdc9f065f00058fd,25.0
50f56255fdc9f065f0005904,29.7695500881
50f56256fdc9f065f000590e,22.0758396729
50f56256fdc9f065f0005911,23.2034472437
50f56256fdc9f065f0005913,23.7060127278
50f56256fdc9f065f0005914,25.0
50f56256fdc9f065f0005915,18.7525609957
50f56256fdc9f065f0005918,38.2367829025
50f56256fdc9f065f000591b,28.9359254053
50f56256fdc9f065f000591e,21.2666386391
50f56256fdc9f065f0005921,31.8226680433
50f56257fdc9f065f0005922,20.2304499119
50f56257fdc9f065f0005923,20.72136157
50f56257fdc9f065f0005924,25.0
50f56257fdc9f065f0005925,29.7695500881
50f56257fdc9f065f0005928,20.2304499119
50f56257fdc9f065f0005929,20.2239738053
50f56257fdc9f065f000592a,25.0
50f56257fdc9f065f000592d,26.0491279423
50f56257fdc9f065f000592e,24.1322618947
50f56257fdc9f065f0005931,23.8722644836
50f56258fdc9f065f0005933,29.7695500881
50f56259fdc9f065f0005939,25.0
50f56259fdc9f065f000593c,20.2304499119
50f56259fdc9f065f0005940,25.3573212466
50f56259fdc9f065f0005943,22.9335524645
50f56259fdc9f065f000594c,25.0
50f56259fdc9f065f000594d,20.2304499119
50f56259fdc9f065f000594e,29.7970007649
50f56259fdc9f065f0005950,21.2666386391
50f56259fdc9f065f0005953,20.3505893523
50f5625afdc9f065f0005958,34.7095541897
50f5625afdc9f065f000595a,31.5967293972
50f5625afdc9f065f000595c,20.2304499119
50f5625afdc9f065f000595d,24.2973698263
50f5625afdc9f065f000595e,24.9844240375
50f5625afdc9f065f0005960,30.2564803696
50f5625afdc9f065f0005961,25.0
50f5625afdc9f065f0005964,23.0984702066
50f5625afdc9f065f0005968,28.7720708436
50f5625bfdc9f065f000596e,16.2773213908
50f5625bfdc9f065f0005973,30.7894805886
50f5625bfdc9f065f0005979,18.6477354844
50f5625bfdc9f065f000597f,12.2746541699
50f5625ffdc9f065f0005981,18.539939652
50f5625ffdc9f065f0005983,21.250797008
50f5625ffdc9f065f0005984,20.2304499119
50f5625ffdc9f065f0005987,20.2304499119
50f5625ffdc9f065f0005988,20.6664510193
50f5625ffdc9f065f000598e,29.7695500881
50f5625ffdc9f065f0005990,23.5529131294
50f5625ffdc9f065f0005992,20.2304499119
50f5625ffdc9f065f0005994,20.3084247897
50f5625ffdc9f065f0005997,25.0
50f5625ffdc9f065f0005998,25.0
50f5625ffdc9f065f000599b,24.9839425312
50f5625ffdc9f065f000599f,14.2557585203
50f5625ffdc9f065f00059a2,22.6152016338
50f5625ffdc9f065f00059a3,25.2324326437
50f5625ffdc9f065f00059a4,28.9330591417
50f5625ffdc9f065f00059a6,26.3089645024
50f5625ffdc9f065f00059a8,25.0
50f5625ffdc9f065f00059ae,19.7435196304
50f56260fdc9f065f00059b4,28.7333613609
50f56260fdc9f065f00059bd,20.2304499119
50f56260fdc9f065f00059be,25.0
50f56260fdc9f065f00059bf,17.4984145017
50f56260fdc9f065f00059c4,20.2304499119
50f56260fdc9f065f00059c7,20.1977516678
50f56260fdc9f065f00059c9,14.1890656111
50f56260fdc9f065f00059cb,26.5273360199
50f56260fdc9f065f00059cc,19.2331077021
50f56260fdc9f065f00059cd,32.5015854983
50f56267fdc9f065f00059d5,20.2304499119
50f56267fdc9f065f00059d7,25.0578685736
50f56267fdc9f065f00059d8,25.1324928214
50f56267fdc9f065f00059db,17.5055916616
50f56267fdc9f065f00059de,18.2785075429
50f56267fdc9f065f00059e1,15.5992834435
50f56267fdc9f065f00059ea,18.8862070142
50f56267fdc9f065f00059ed,23.1841397055
50f56267fdc9f065f00059ef,25.0
50f56267fdc9f065f00059f1,29.1165819741
50f56267fdc9f065f00059f2,21.7788174895
50f56267fdc9f065f00059f3,22.5960091285
50f56267fdc9f065f00059f6,23.8416607637
50f56267fdc9f065f00059f8,29.7695500881
50f56267fdc9f065f00059fd,25.0
50f56267fdc9f065f00059fe,16.4955483488
50f56267fdc9f065f0005a00,20.5141259262
50f56267fdc9f065f0005a01,17.4984145017
50f56267fdc9f065f0005a03,18.1824682939
50f56267fdc9f065f0005a04,19.8790705339
50f56267fdc9f065f0005a05,25.0
50f56267fdc9f065f0005a07,21.3745753388
50f56267fdc9f065f0005a0b,26.8144165357
50f56267fdc9f065f0005a0c,26.2858335533
50f56267fdc9f065f0005a0e,29.7695500881
50f56268fdc9f065f0005a0f,16.1693338291
50f56268fdc9f065f0005a12,25.0
50f56268fdc9f065f0005a13,25.7697198591
50f56268fdc9f065f0005a16,25.0
50f56268fdc9f065f0005a1b,29.8419738781
50f56268fdc9f065f0005a1f,25.0
50f56268fdc9f065f0005a22,28.039699916
50f56268fdc9f065f0005a23,21.7669363815
50f56268fdc9f065f0005a24,29.5491250947
50f56268fdc9f065f0005a26,28.7333613609
50f56268fdc9f065f0005a28,26.8734274325
50f56268fdc9f065f0005a29,22.8628215098
50f56268fdc9f065f0005a2b,25.0
50f56268fdc9f065f0005a2c,24.4844735395
50f56268fdc9f065f0005a2d,29.7694541387
50f56268fdc9f065f0005a2e,20.2304499119
50f56268fdc9f065f0005a30,19.0853458797
50f56268fdc9f065f0005a32,25.0
50f56268fdc9f065f0005a34,29.7695500881
50f56268fdc9f065f0005a3a,28.6300386029
50f56268fdc9f065f0005a3d,22.5682914102
50f56268fdc9f065f0005a3e,25.0160574688
50f56268fdc9f065f0005a45,16.4151703058
50f56268fdc9f065f0005a49,23.3001915021
50f56268fdc9f065f0005a4c,25.5684789119
50f56268fdc9f065f0005a4d,25.0
50f56269fdc9f065f0005a52,25.0
50f56269fdc9f065f0005a54,20.2304499119
50f56269fdc9f065f0005a56,18.5659955826
50f56269fdc9f065f0005a57,31.6443915291
50f56269fdc9f065f0005a58,20.0238214632
50f56269fdc9f065f0005a59,17.4984145017
50f56269fdc9f065f0005a5b,28.0954287419
50f56269fdc9f065f0005a62,18.9646570967
50f56269fdc9f065f0005a64,20.2304499119
50f56269fdc9f065f0005a65,31.6846886924
50f56269fdc9f065f0005a67,20.2304499119
50f56269fdc9f065f0005a69,21.3521310188
50f56269fdc9f065f0005a6b,18.5825867344
50f56269fdc9f065f0005a6d,25.0
50f56269fdc9f065f0005a70,22.4306487349
50f56269fdc9f065f0005a71,22.6654390035
50f56269fdc9f065f0005a75,28.240773192
50f562d4fdc9f065f0005a78,18.4032706028
50f562d5fdc9f065f0005a88,20.7813383657
50f562d5fdc9f065f0005a89,23.0920326454
50f562d5fdc9f065f0005a8d,17.6388648655
50f562d6fdc9f065f0005a92,29.7695500881
50f562d6fdc9f065f0005a94,20.2304499119
50f562d6fdc9f065f0005a98,36.2896817546
50f562d6fdc9f065f0005a9a,23.0664737614
50f562d6fdc9f065f0005a9b,20.2304499119
50f562d6fdc9f065f0005a9e,26.9787674866
50f562d6fdc9f065f0005a9f,20.2304499119
50f562d7fdc9f065f0005aa4,30.8958562624
50f562d7fdc9f065f0005aa6,25.0
50f562d7fdc9f065f0005aa7,20.2304499119
50f562d7fdc9f065f0005aa8,22.1579248274
50f562d7fdc9f065f0005aab,10.7138081484
50f562d7fdc9f065f0005aad,18.4032706028
50f562d7fdc9f065f0005aae,20.2304499119
50f562d7fdc9f065f0005ab0,29.7695500881
50f562d7fdc9f065f0005ab3,28.921362315
50f562d8fdc9f065f0005ab7,25.1275762301
50f562d8fdc9f065f0005ab8,21.6593864183
50f562d8fdc9f065f0005abb,25.0285536495
50f562d8fdc9f065f0005abe,25.0
50f562d9fdc9f065f0005ac3,25.0
50f562d9fdc9f065f0005ac6,25.0
50f562d9fdc9f065f0005ac8,22.7656388599
50f562d9fdc9f065f0005aca,25.0
50f562d9fdc9f065f0005acc,20.2304499119
50f562dafdc9f065f0005ad0,25.0
50f562dafdc9f065f0005ad2,25.0
50f562dafdc9f065f0005ad4,19.6912381772
50f562dafdc9f065f0005adc,17.5968719608
50f562dafdc9f065f0005ade,26.4312757788
50f562dafdc9f065f0005ae1,25.0
50f562dafdc9f065f0005ae7,27.2612573202
50f562dafdc9f065f0005aea,20.2304499119
50f562ddfdc9f065f0005aed,29.7760261947
50f562ddfdc9f065f0005af0,19.6079744936
50f562ddfdc9f065f0005af3,33.4039583949
50f562ddfdc9f065f0005af4,31.7762290729
50f562ddfdc9f065f0005af5,25.0
50f562ddfdc9f065f0005af6,15.6647503524
50f562ddfdc9f065f0005af7,25.0578685736
50f562ddfdc9f065f0005af9,25.0
50f562ddfdc9f065f0005afa,25.0578685736
50f562ddfdc9f065f0005afc,16.2150387902
50f562ddfdc9f065f0005afd,20.2304499119
50f562ddfdc9f065f0005afe,20.2304499119
50f562ddfdc9f065f0005aff,21.3979509577
50f562ddfdc9f065f0005b00,29.7695500881
50f562ddfdc9f065f0005b02,20.2304499119
50f562ddfdc9f065f0005b03,25.0
50f562ddfdc9f065f0005b04,25.0469775027
50f562ddfdc9f065f0005b05,29.7695500881
50f562ddfdc9f065f0005b06,25.0
50f562ddfdc9f065f0005b09,21.2666386391
50f562ddfdc9f065f0005b0b,22.7372542739
50f562ddfdc9f065f0005b0d,15.6647503524
50f562ddfdc9f065f0005b11,24.2940106833
50f562ddfdc9f065f0005b12,30.5734329573
50f562ddfdc9f065f0005b13,32.987115063
50f562ddfdc9f065f0005b14,25.0
50f562ddfdc9f065f0005b15,21.4860627712
50f562ddfdc9f065f0005b17,17.4984145017
50f562ddfdc9f065f0005b1c,27.421213475
50f562ddfdc9f065f0005b1d,23.080500885
50f562ddfdc9f065f0005b1e,18.4400802927
50f562e2fdc9f065f0005b1f,24.9378480331
50f562e2fdc9f065f0005b25,31.5839483512
50f562e2fdc9f065f0005b28,22.1924793323
50f562e2fdc9f065f0005b29,25.0
50f562e2fdc9f065f0005b2e,20.2304499119
50f562e2fdc9f065f0005b2f,20.0471729775
50f562e2fdc9f065f0005b31,24.9690977227
50f562e2fdc9f065f0005b33,19.878858479
50f562e2fdc9f065f0005b35,26.6821369077
50f562e2fdc9f065f0005b36,14.8327569815
50f562e3fdc9f065f0005b43,23.8797504698
50f562e3fdc9f065f0005b4a,25.5118149569
50f562e3fdc9f065f0005b4c,25.6438545388
50f562e3fdc9f065f0005b4f,23.1533692006
50f562e3fdc9f065f0005b51,21.2666386391
50f562e3fdc9f065f0005b53,21.8958409638
50f562e3fdc9f065f0005b55,19.7435196304
50f562e3fdc9f065f0005b59,24.941615866
50f562e3fdc9f065f0005b5a,17.7023289894
50f562e3fdc9f065f0005b61,19.7435196304
50f562e3fdc9f065f0005b66,21.7021772718
50f562e3fdc9f065f0005b6a,24.1485885389
50f562e3fdc9f065f0005b6b,29.2765846754
50f562e3fdc9f065f0005b6c,18.7555442825
50f562e3fdc9f065f0005b6f,28.0185538783
50f562e3fdc9f065f0005b70,24.8730450295
50f562e3fdc9f065f0005b72,29.7695500881
50f562e3fdc9f065f0005b73,21.5845917222
50f562e3fdc9f065f0005b75,29.7695500881
50f562e3fdc9f065f0005b76,20.788629326
50f562e3fdc9f065f0005b78,16.9675406939
50f562e3fdc9f065f0005b7a,17.1569331658
50f562e3fdc9f065f0005b7c,36.1593349949
50f562e3fdc9f065f0005b7d,24.4398971368
50f562e3fdc9f065f0005b80,16.264035175
50f562e4fdc9f065f0005b81,17.1599375442
50f562e4fdc9f065f0005b82,31.4046693795
50f562e4fdc9f065f0005b83,19.3918456186
50f562e4fdc9f065f0005b87,17.6596967714
50f562e4fdc9f065f0005b88,32.9693090899
50f562e4fdc9f065f0005b89,29.7695500881
50f562e4fdc9f065f0005b8b,23.8299136742
50f562e4fdc9f065f0005b8c,28.7333613609
50f562e4fdc9f065f0005b8f,22.0947032309
50f562e4fdc9f065f0005b90,25.0
50f562e4fdc9f065f0005b93,22.4573525196
50f562e4fdc9f065f0005b95,16.8052023366
50f560f2fdc9f065f0005350,18.0234387715
50f5619afdc9f065f00055d0,20.992608319
50f5609afdc9f065f0005294,16.7909863336
50f561f6fdc9f065f00057e1,31.0436539773
50f5609bfdc9f065f00052cd,16.396015843
50f561bdfdc9f065f0005659,25.0
50f560f4fdc9f065f000536b,24.5340577347
50f561ccfdc9f065f000574b,21.9086043486
50f561fbfdc9f065f000582a,19.3786633125
50f561cbfdc9f065f0005726,16.3658172623
50f560fafdc9f065f0005396,19.0076194897
50f5609afdc9f065f0005260,22.8841358845
50f5625ffdc9f065f00059a1,18.387332868
50f56091fdc9f065f0005220,27.5013030817
50f561c4fdc9f065f00056cd,17.5405620143
50f56089fdc9f065f00051a7,25.5565118686
50f562ddfdc9f065f0005aee,30.0273261959
50f56258fdc9f065f0005934,17.1120445705
50f56267fdc9f065f00059f0,20.6926417482
50f56091fdc9f065f0005206,24.0266490876
50f560fafdc9f065f00053a6,21.26589973
50f56204fdc9f065f00058b2,27.2619132648
50f561cbfdc9f065f0005711,23.0682034795
50f560f4fdc9f065f000535a,24.8339590319
50f5609cfdc9f065f00052dd,29.8370025476
50f5619afdc9f065f00055c4,12.4389168861
50f56122fdc9f065f0005461,25.3490224285
50f561c1fdc9f065f00056ab,19.409208645
50f56204fdc9f065f00058be,28.2111840775
50f562dafdc9f065f0005ae2,22.9932451994
50f561f3fdc9f065f00057a5,23.8463359052
50f561bdfdc9f065f000564d,20.913558738
50f560ecfdc9f065f00052f0,23.7854626794
50f561bffdc9f065f0005681,17.4340044817
50f56268fdc9f065f0005a2a,21.2416752272
50f560f0fdc9f065f000532c,23.054184452
50f56268fdc9f065f0005a35,16.3862789389
50f561c5fdc9f065f00056e0,22.6284862634
50f56060fdc9f065f0005160,30.4373255069
50f5608dfdc9f065f00051ee,12.4949516349
50f561cbfdc9f065f0005710,14.5906975434
50f56198fdc9f065f00055a5,18.3628858046
50f5619afdc9f065f00055b8,17.1120445705
50f5625ffdc9f065f000598d,25.7314175955
50f5609bfdc9f065f00052d4,24.049142845
50f562e3fdc9f065f0005b6e,24.9031435018
50f56204fdc9f065f00058d1,15.9353959749
50f56268fdc9f065f0005a40,25.6937099345
50f561a0fdc9f065f000560f,21.0662666704
50f560effdc9f065f0005322,23.1265725675
50f560f9fdc9f065f000538c,16.3078477005
50f562d6fdc9f065f0005a96,24.1575853519
50f5619ffdc9f065f00055e1,23.4647823632
50f561f1fdc9f065f0005791,18.2996791117
50f562d5fdc9f065f0005a8f,24.9069049412
50f562e2fdc9f065f0005b34,19.758887293
50f56257fdc9f065f000592c,18.9696685369
50f560ecfdc9f065f00052ef,31.6465811256
50f56259fdc9f065f000593b,18.9098593902
50f5611dfdc9f065f0005408,33.6520156736
50f560f4fdc9f065f0005353,23.8956519362
50f561f6fdc9f065f00057df,31.3546271068
50f561fafdc9f065f0005813,32.5895552356
50f5619ffdc9f065f0005600,36.1900502814
50f5625afdc9f065f0005955,12.6219094903
50f56197fdc9f065f0005587,28.577573531
50f561fbfdc9f065f0005831,12.9562194153
50f5608dfdc9f065f00051da,19.2853450753
50f5608efdc9f065f00051f9,17.0402041015
50f56203fdc9f065f0005870,13.9036706428
50f5609bfdc9f065f00052b2,33.9605311096
50f560effdc9f065f0005326,16.9705814053
50f56203fdc9f065f0005881,20.0288870547
50f56259fdc9f065f000593e,27.8225423059
50f5611dfdc9f065f0005403,13.2763882517
50f561bdfdc9f065f0005655,27.1653371149
50f561fafdc9f065f0005804,16.4926087038
50f561fafdc9f065f000580e,21.7022690448
50f5619ffdc9f065f00055dd,16.2306196829
50f5611efdc9f065f000541e,30.6960026547
50f56125fdc9f065f00054a1,34.3509587444
50f561fafdc9f065f000580b,14.9976903138
50f56089fdc9f065f00051a4,29.0680396431
50f560fafdc9f065f00053a0,28.888262269
50f562e3fdc9f065f0005b46,19.0281973083
50f561f1fdc9f065f000578f,23.865746247
50f56257fdc9f065f000592b,16.052998193
50f561ccfdc9f065f0005753,23.1192207524
50f561fafdc9f065f0005806,21.8885448506
50f560f1fdc9f065f0005339,24.4331403169
50f56092fdc9f065f0005239,26.0290103856
50f5625ffdc9f065f000598f,17.7960307626
50f56259fdc9f065f0005944,22.5238255628
50f5612efdc9f065f000551c,18.2996791117
50f561a0fdc9f065f0005613,20.1142956452
50f56267fdc9f065f00059e6,23.8520707302
50f561cbfdc9f065f000571f,25.1645591246
50f56269fdc9f065f0005a6c,21.4712379665
50f562ddfdc9f065f0005b0e,13.8650012705
50f560f5fdc9f065f000538a,18.0485240902
50f5619ffdc9f065f00055d9,33.0183328124
50f56088fdc9f065f0005192,33.3740886583
50f56268fdc9f065f0005a27,24.1474004011
50f561ccfdc9f065f000573e,22.453196041
50f5608efdc9f065f0005201,22.2759600134
50f5612dfdc9f065f00054e2,12.1995503868
50f56196fdc9f065f0005581,24.6199416097
50f5612efdc9f065f00054f7,19.5263608434
50f56091fdc9f065f0005216,24.5831363322
50f56120fdc9f065f0005438,21.263773267
50f5609bfdc9f065f00052bf,30.5057145385
50f561f3fdc9f065f00057b8,28.115739514
50f561c4fdc9f065f00056d8,28.1895405572
50f561c5fdc9f065f00056e6,18.2914882684
50f56194fdc9f065f000554c,29.0687139268
50f561bdfdc9f065f0005658,29.9458900384
50f560fafdc9f065f00053bb,16.6520508345
50f561f1fdc9f065f000579c,15.417570224
50f560f4fdc9f065f000536c,22.2910596865
50f56202fdc9f065f000584a,18.9095748491
50f56256fdc9f065f0005912,31.0281023946
50f562e2fdc9f065f0005b39,19.3087560631
50f560fafdc9f065f00053a5,26.9965724309
50f56086fdc9f065f0005181,17.8853717995
50f5608dfdc9f065f00051dc,21.9395109408
50f561a0fdc9f065f0005626,26.7842134457
50f5609afdc9f065f000527d,26.9383857595
50f56267fdc9f065f00059d4,30.4573753464
50f5609afdc9f065f0005289,21.9749860731
50f5619ffdc9f065f00055ec,17.4984145017
50f5609bfdc9f065f00052ca,30.3045569308
50f56260fdc9f065f00059bb,25.0154911668
50f5612efdc9f065f0005520,22.9259770369
50f56267fdc9f065f00059d9,28.6391130359
50f56122fdc9f065f0005464,23.5715983538
50f5609afdc9f065f0005288,21.7560717115
50f56260fdc9f065f00059bc,19.4201157615
50f561f6fdc9f065f00057d5,18.6832192623
50f56268fdc9f065f0005a10,15.3497102352
50f5625ffdc9f065f0005995,14.4746776661
50f561f3fdc9f065f00057bc,22.5446523931
50f5612ffdc9f065f000553d,33.319716506
50f562d7fdc9f065f0005aac,18.9494661389
50f5608efdc9f065f00051fb,17.5443701307
50f562d6fdc9f065f0005a97,32.7253286201
50f56122fdc9f065f0005467,25.6916189647
50f560fafdc9f065f00053b9,18.6600285707
50f562ddfdc9f065f0005afb,28.334022866
50f561c4fdc9f065f00056d4,28.3719536896
50f560fafdc9f065f00053c7,30.0899072006
50f560f5fdc9f065f0005383,21.450020451
50f562d9fdc9f065f0005ac5,22.3685152717
50f56255fdc9f065f0005902,15.2055883319
50f5619afdc9f065f00055b4,21.1126997905
50f560fbfdc9f065f00053d2,23.7645875018
50f5612dfdc9f065f00054dc,20.3430265962
50f56198fdc9f065f00055a7,18.5971706857
50f561fbfdc9f065f0005829,15.8242120398
50f56125fdc9f065f00054a0,31.7222318633
50f562e3fdc9f065f0005b5c,20.3527949337
50f560fbfdc9f065f00053e5,25.0005831885
50f561c1fdc9f065f00056a4,17.7677866628
50f560f4fdc9f065f0005372,27.0497522664
50f56260fdc9f065f00059c2,21.12766689
50f562e2fdc9f065f0005b41,22.5100736245
50f56091fdc9f065f000521a,23.417806979
50f561cbfdc9f065f0005730,27.4187117178
50f5625bfdc9f065f000597d,24.1323043761
50f5608afdc9f065f00051c8,28.893884862
50f5611dfdc9f065f000540a,23.1265725675
50f56091fdc9f065f000520b,18.4032706028
50f56202fdc9f065f0005853,25.7896621661
50f562d7fdc9f065f0005ab1,27.2429892585
50f56204fdc9f065f00058cb,28.1070252169
50f561ccfdc9f065f000575c,27.4144668987
50f561c1fdc9f065f00056a0,13.5958512021
50f56087fdc9f065f000518d,20.8096386026
50f5612dfdc9f065f00054cc,24.6053876886
50f56126fdc9f065f00054aa,13.3793149541
50f560fafdc9f065f00053d0,33.1193745873
50f56125fdc9f065f000547b,29.9777404087
50f5619afdc9f065f00055c3,26.7599041169
50f561fbfdc9f065f000583c,26.2140466118
50f56087fdc9f065f0005186,20.2444266854
50f561fafdc9f065f0005823,24.4446824611
50f560f4fdc9f065f0005359,24.6942981337
50f56204fdc9f065f00058c4,18.8237204794
50f561c4fdc9f065f00056b0,21.3307876787
50f5612dfdc9f065f00054e9,17.8110290054
50f5608afdc9f065f00051be,29.4385257722
50f5609bfdc9f065f00052a0,16.5380957757
50f562ddfdc9f065f0005af1,22.7584304819
50f56121fdc9f065f0005447,17.5769642573
50f56255fdc9f065f000590c,25.6371992822
50f56204fdc9f065f000589e,32.0468739741
50f561c4fdc9f065f00056c6,22.8841358845
50f56269fdc9f065f0005a77,21.447974484
50f5612ffdc9f065f0005541,17.2746713799
50f561f6fdc9f065f00057d2,14.2698345954
50f56256fdc9f065f000591f,21.9527366649
50f5611dfdc9f065f0005412,27.6010796388
50f56202fdc9f065f0005855,17.5976264332
50f560fafdc9f065f00053ae,26.5940587708
50f56259fdc9f065f000593d,21.2055981618
50f562e3fdc9f065f0005b5b,24.6814789657
50f5609bfdc9f065f00052ba,20.6575512944
50f5609bfdc9f065f00052a6,16.2195208559
50f5619ffdc9f065f00055f8,26.0395875093
50f5612efdc9f065f0005509,19.8015567526
50f56091fdc9f065f000520e,29.7695500881
50f56259fdc9f065f000594b,27.5953394213
50f561fafdc9f065f0005814,14.9681813816
50f561effdc9f065f0005773,20.4926737604
50f56269fdc9f065f0005a72,26.1225284402
50f56204fdc9f065f00058c8,20.5664691089
50f56125fdc9f065f0005497,17.3272791574
50f5611ffdc9f065f0005424,20.7508535072
50f562d7fdc9f065f0005ab4,24.8611650345
50f562e3fdc9f065f0005b4e,21.1125720014
50f562dafdc9f065f0005ae3,23.6944580099
50f56269fdc9f065f0005a74,24.1841221651
50f561a0fdc9f065f0005615,20.337103655
50f560fbfdc9f065f00053ec,32.7305110333
50f5612dfdc9f065f00054ef,25.4340898825
50f56267fdc9f065f00059e5,25.0235433315
50f56205fdc9f065f00058eb,25.3817009974
50f560f9fdc9f065f000538b,21.0141305384
50f5609cfdc9f065f00052e0,26.6565338897
50f562e2fdc9f065f0005b3b,26.0966176925
50f56061fdc9f065f000516f,19.4113807592
50f56092fdc9f065f000522b,22.7349515387
50f562d4fdc9f065f0005a79,18.3613208409
50f561cbfdc9f065f0005707,23.2934049966
50f5609afdc9f065f000529b,33.8675506748
50f56087fdc9f065f0005187,24.6961179984
50f56256fdc9f065f0005920,20.1199463934
50f561cbfdc9f065f00056ff,28.5467290566
50f562e3fdc9f065f0005b79,18.6288469344
50f56269fdc9f065f0005a53,23.4978299253
50f5625afdc9f065f0005954,22.1766788429
50f5612dfdc9f065f00054be,15.7081303001
50f56205fdc9f065f00058ed,28.7694668936
50f561cbfdc9f065f000570d,16.1101202473
50f560fbfdc9f065f00053f5,13.942209477
50f561a0fdc9f065f0005609,20.4264534498
50f5612efdc9f065f000551d,24.6259120318
50f561bffdc9f065f000567a,18.2654083929
50f56267fdc9f065f00059e3,24.2026520801
50f56091fdc9f065f0005214,26.709016299
50f56086fdc9f065f000517c,24.1652448008
50f560eefdc9f065f0005312,18.9741959546
50f561f4fdc9f065f00057bf,24.7004936962
50f560ecfdc9f065f00052f5,26.6563672626
50f5611dfdc9f065f0005414,29.1257577141
50f560edfdc9f065f0005300,31.1467337517
50f5609afdc9f065f000527f,23.3720535311
50f560fbfdc9f065f00053ee,30.1677354237
50f562e2fdc9f065f0005b26,34.1808401979
50f56088fdc9f065f000519a,27.5935377699
50f562ddfdc9f065f0005b01,21.5824164585
50f561c5fdc9f065f00056e3,17.1661552363
50f560ecfdc9f065f00052ee,27.4327284964
50f5608bfdc9f065f00051d3,24.6884467375
50f5612dfdc9f065f00054cb,19.7672561415
50f56268fdc9f065f0005a47,24.534978038
50f5611ffdc9f065f0005423,26.6693480265
50f560effdc9f065f000531a,18.8920215133
50f560edfdc9f065f0005309,31.7302824974
50f561fbfdc9f065f0005841,25.4706720256
50f56125fdc9f065f0005472,14.6633392137
50f561ccfdc9f065f0005762,25.7421908624
50f560fafdc9f065f00053ad,17.7884423038
50f5608dfdc9f065f00051e3,24.8540941844
50f5609afdc9f065f0005295,18.8644438633
50f56092fdc9f065f0005247,21.5803903731
50f561befdc9f065f000565e,21.9700089299
50f561bffdc9f065f000566f,22.1918114185
50f560fafdc9f065f00053b1,22.6696603932
50f56268fdc9f065f0005a42,21.5365930861
50f561cbfdc9f065f0005724,21.7021772718
50f56120fdc9f065f000543f,31.5967293972
50f56269fdc9f065f0005a50,24.5379893199
50f561fafdc9f065f000581b,22.2178505332
50f56256fdc9f065f000591c,24.1412622533
50f5609bfdc9f065f00052cf,18.2387288133
50f562ddfdc9f065f0005b08,24.794357363
50f5609afdc9f065f0005281,27.2970451319
50f561f0fdc9f065f000577e,28.8769701784
50f56203fdc9f065f0005864,20.8684009406
50f561cbfdc9f065f0005716,15.704179278
50f562ddfdc9f065f0005b1a,25.8597593187
50f56205fdc9f065f00058e2,18.7762426915
50f5612dfdc9f065f00054de,29.7005717262
50f5612dfdc9f065f00054d4,23.4232750344
50f560f0fdc9f065f000532f,17.0092795353
50f561ccfdc9f065f000573a,17.4984145017
50f562e3fdc9f065f0005b52,18.178742776
50f561cbfdc9f065f0005734,19.6135845379
50f56125fdc9f065f000547a,31.8410482028
50f561cbfdc9f065f000571e,23.4704548111
50f560fbfdc9f065f00053da,23.3640531734
50f562e3fdc9f065f0005b74,17.5479250205
50f5612dfdc9f065f00054ce,25.9110955693
50f561cbfdc9f065f0005712,22.6194958308
50f56125fdc9f065f0005475,29.7695500881
50f5609bfdc9f065f00052d9,21.6778902003
50f561f1fdc9f065f0005794,32.8924293391
50f56091fdc9f065f0005204,24.6050128054
50f562dafdc9f065f0005adf,16.1622967962
50f5619ffdc9f065f00055e6,14.5482157099
50f561c1fdc9f065f00056ad,20.7152191215
50f560ecfdc9f065f00052fa,29.2415670338
50f5612efdc9f065f000550e,27.4504469937
50f562d5fdc9f065f0005a8c,27.0467940473
50f561a0fdc9f065f0005625,30.2386315177
50f5609afdc9f065f0005274,22.8190573522
50f5619ffdc9f065f00055d8,18.4032706028
50f5611efdc9f065f0005415,35.5928195305
50f560f4fdc9f065f0005362,21.3667630162
50f56256fdc9f065f000590d,20.5759222609
50f561f4fdc9f065f00057d0,12.5176473501
50f56260fdc9f065f00059b8,19.1416709853
50f56126fdc9f065f00054a7,16.0002887796
50f56269fdc9f065f0005a51,36.8531501233
50f56267fdc9f065f00059e0,28.9715314774
50f5609afdc9f065f0005296,19.2526490496
50f561f4fdc9f065f00057ca,27.4067990422
50f560f2fdc9f065f000534d,21.1729395709
50f5625afdc9f065f0005963,17.7397445202
50f56196fdc9f065f000557e,17.4787141822
50f56269fdc9f065f0005a73,16.0775562805
50f5625bfdc9f065f000596d,17.8659796445
50f56099fdc9f065f0005258,26.1503619509
50f561c4fdc9f065f00056d2,23.3350552504
50f5612ffdc9f065f0005536,16.1951474802
50f560fbfdc9f065f00053de,35.2344157174
50f562e3fdc9f065f0005b64,24.6878923281
50f560fafdc9f065f00053c6,24.4915034478
50f56194fdc9f065f000555b,34.3809163853
50f561effdc9f065f0005771,17.1918164798
50f5625bfdc9f065f000597c,25.3162143904
50f56125fdc9f065f000549b,16.244733722
50f562e3fdc9f065f0005b4b,31.4882788445
50f56198fdc9f065f00055a3,13.5023774577
50f5609afdc9f065f000528a,25.0
50f5612ffdc9f065f0005542,22.0409307328
50f561ccfdc9f065f0005767,27.1158641155
50f561f3fdc9f065f00057ac,27.8523669497
50f56125fdc9f065f000547c,28.1730757115
50f561c1fdc9f065f00056aa,22.9681008975
50f561bcfdc9f065f0005649,25.0
50f56205fdc9f065f00058e5,30.3143140095
50f561f4fdc9f065f00057cf,21.8269242885
50f5609bfdc9f065f00052b4,20.4087697735
50f560f4fdc9f065f000535f,19.0086761419
50f56269fdc9f065f0005a5f,21.8269242885
50f561f3fdc9f065f00057af,21.3110204781
50f56122fdc9f065f0005454,25.0
50f561f0fdc9f065f0005778,31.143706138
50f56258fdc9f065f0005935,22.1334010985
50f56202fdc9f065f0005842,20.71110495
50f560f1fdc9f065f000533f,26.7842487418
50f56203fdc9f065f0005875,27.9594536913
50f5619afdc9f065f00055b3,31.0006176547
50f5609afdc9f065f0005272,25.0
50f561f3fdc9f065f00057bb,27.4382092961
50f56266fdc9f065f00059d0,25.7270619947
50f5625ffdc9f065f0005989,29.8920977117
50f561a0fdc9f065f000561d,27.8819537597
50f5625ffdc9f065f00059b0,26.7242898898
50f561fafdc9f065f00057fd,25.0
50f56268fdc9f065f0005a20,25.5158873918
50f561c5fdc9f065f00056df,29.572093724
50f561ccfdc9f065f000575b,21.8269242885
50f56122fdc9f065f0005462,28.2211825105
50f562dafdc9f065f0005ae9,28.5036284787
50f561befdc9f065f000565d,25.1816993129
50f5611ffdc9f065f0005426,20.296840374
50f56122fdc9f065f0005465,26.6671513531
50f56125fdc9f065f0005485,29.703159626
50f56256fdc9f065f0005910,22.6621136591
50f5609bfdc9f065f00052ce,18.9830727805
50f562d6fdc9f065f0005a91,25.0
50f5612efdc9f065f0005502,25.0
50f561f1fdc9f065f000578e,25.0
50f562ddfdc9f065f0005b19,26.5494888371
50f5625bfdc9f065f000596b,19.9441133592
50f561fafdc9f065f0005812,29.5491250947
50f5625ffdc9f065f0005996,26.9423594223
50f56086fdc9f065f000517f,23.374844734
50f561fafdc9f065f0005800,21.121272545
50f561cbfdc9f065f00056fc,17.601342887
50f56202fdc9f065f000585c,24.1930010829
50f560f4fdc9f065f0005366,21.3413204869
50f5612dfdc9f065f00054bf,24.0657566798
50f5625afdc9f065f000595f,29.3418471442
50f5612dfdc9f065f00054d8,29.27096174
50f561cbfdc9f065f0005727,28.2211825105
50f561f0fdc9f065f000577a,24.6474515365
50f562d8fdc9f065f0005aba,19.0563205603
50f560f5fdc9f065f0005384,26.4776851068
50f56120fdc9f065f0005437,16.8888562218
50f561befdc9f065f000565f,20.8784594991
50f561c1fdc9f065f000568f,26.5790637943
50f56202fdc9f065f0005851,27.7548926918
50f56204fdc9f065f00058a9,22.5960091285
50f56268fdc9f065f0005a19,28.5500298716
50f5625ffdc9f065f0005993,25.0
50f5612efdc9f065f0005517,25.0
50f56260fdc9f065f00059b5,25.0
50f5619afdc9f065f00055c5,32.9409657487
50f562e3fdc9f065f0005b49,20.6897266729
50f561bffdc9f065f0005675,23.5741313165
50f56122fdc9f065f000545d,17.6395757414
50f561bdfdc9f065f000565a,22.8841358845
50f56269fdc9f065f0005a66,22.8918540224
50f56196fdc9f065f000557f,26.9822381077
50f56204fdc9f065f00058b8,27.6067850421
50f561cafdc9f065f00056f1,29.8923838066
50f560f4fdc9f065f0005375,22.1830336293
50f56256fdc9f065f0005919,26.0416469024
50f56091fdc9f065f0005212,20.9273938426
50f561cafdc9f065f00056ef,27.0325490107
50f56126fdc9f065f00054ac,27.0001545205
50f5609afdc9f065f000529a,27.9314149244
50f562d5fdc9f065f0005a87,17.9734166852
50f56086fdc9f065f0005173,22.0589171808
50f5611efdc9f065f0005417,23.3472430278
50f56086fdc9f065f000517d,27.6511630832
50f560ecfdc9f065f00052f8,22.6289664309
50f5608efdc9f065f0005200,25.0
50f5612dfdc9f065f00054ba,22.8442496226
50f5625bfdc9f065f0005975,17.7984579046
50f562e4fdc9f065f0005b8d,21.2111225231
50f5609bfdc9f065f00052b7,22.8578929348
50f561a0fdc9f065f000560b,31.4331570607
50f56092fdc9f065f0005228,31.519920464
50f561f6fdc9f065f00057ec,28.1721182256
50f5611dfdc9f065f0005409,18.9712328788
50f56203fdc9f065f000587c,23.7526817269
50f561f1fdc9f065f0005797,20.5208981061
50f5625afdc9f065f0005962,22.8375510387
50f5608bfdc9f065f00051cb,21.7600893611
50f562d7fdc9f065f0005ab5,22.192229611
50f561cbfdc9f065f0005731,30.0731748912
50f560f5fdc9f065f000537a,25.0278667927
50f562dafdc9f065f0005ae4,24.3990755093
50f5619ffdc9f065f00055f0,22.1091191515
50f56257fdc9f065f0005930,24.8367087576
50f561cbfdc9f065f000570c,15.3759284212
50f560fafdc9f065f00053c2,19.7981818748
50f561a0fdc9f065f0005622,30.4958333093
50f561cbfdc9f065f0005713,21.8269242885
50f5608dfdc9f065f00051e0,27.9175111691
50f5619afdc9f065f00055bd,21.4569935314
50f5612cfdc9f065f00054b5,18.1180479061
50f561f6fdc9f065f00057d8,25.0207866867
50f561f6fdc9f065f00057d7,28.5003412466
50f562d5fdc9f065f0005a8a,32.2300419912
50f56195fdc9f065f0005569,27.1158641155
50f562d9fdc9f065f0005ac7,29.56147737
50f562dafdc9f065f0005ad8,20.0251238181
50f561f0fdc9f065f0005783,29.1628199912
50f5612efdc9f065f00054fb,20.7424009657
50f5608efdc9f065f00051fe,19.1467914078
50f5609bfdc9f065f00052be,27.6956726672
50f561fafdc9f065f0005821,22.1686011797
50f56125fdc9f065f0005478,27.7351701082
50f56267fdc9f065f00059e8,30.5298565623
50f56268fdc9f065f0005a38,22.5617907039
50f56255fdc9f065f0005900,20.4156695239
50f56092fdc9f065f0005224,25.7121214244
50f56198fdc9f065f000558b,19.9907856864
50f561f6fdc9f065f00057ed,26.4612440053
50f5611dfdc9f065f0005405,16.5543428659
50f560edfdc9f065f0005306,30.6505041354
50f560fafdc9f065f0005399,23.3018948075
50f5619afdc9f065f00055cb,26.725513259
50f56203fdc9f065f0005861,25.0
50f5625bfdc9f065f000596c,18.4210793744
50f560effdc9f065f0005318,26.9220545329
50f56203fdc9f065f0005871,21.1382799988
50f56089fdc9f065f00051ab,28.7994530384
50f56255fdc9f065f0005903,19.1114727295
50f562ddfdc9f065f0005af8,20.7319257483
50f561befdc9f065f000566a,19.8643033675
50f56060fdc9f065f0005161,25.6593749896
50f560ecfdc9f065f00052f7,28.064436821
50f560fafdc9f065f00053be,25.0
50f561cbfdc9f065f0005732,27.1158641155
50f56091fdc9f065f0005209,21.5484576165
50f560fafdc9f065f00053af,18.1324970513
50f56099fdc9f065f0005253,25.3421481583
50f56203fdc9f065f0005879,26.6527569722
50f562d9fdc9f065f0005ac4,23.4573512509
50f5609cfdc9f065f00052e1,22.889330217
50f561cbfdc9f065f0005733,27.6979346463
50f56099fdc9f065f0005255,30.5189958637
50f561c4fdc9f065f00056da,20.5462843809
50f56255fdc9f065f0005905,28.1666829804
50f56088fdc9f065f000519e,22.0389627954
50f5625ffdc9f065f00059a9,28.4618719554
50f561fbfdc9f065f000582c,20.9076125176
50f562dafdc9f065f0005ad3,16.3841720278
50f561bcfdc9f065f000563e,27.5068259924
50f5609bfdc9f065f00052b8,26.8761364531
50f56125fdc9f065f000548e,28.1620812025
50f56203fdc9f065f000588a,23.7693734718
50f561f6fdc9f065f00057e4,19.8402020579
50f561fafdc9f065f00057fe,25.0
50f56255fdc9f065f0005906,24.9721332073
50f5611efdc9f065f000541b,26.7233641516
50f5612dfdc9f065f00054c2,21.7788174895
50f561f0fdc9f065f000577b,27.8180712242
50f56205fdc9f065f00058f2,19.2984994836
50f5612efdc9f065f00054f6,22.6959420766
50f5612dfdc9f065f00054e5,23.5684794389
50f561effdc9f065f0005776,26.4364688213
50f561cbfdc9f065f00056fe,25.0
50f560f4fdc9f065f0005365,24.1872491339
50f5612efdc9f065f0005523,22.7466771888
50f560fbfdc9f065f00053d8,21.8269242885
50f56268fdc9f065f0005a37,17.1676828319
50f5609afdc9f065f0005271,28.2211825105
50f561cbfdc9f065f0005723,24.9839425312
50f56088fdc9f065f00051a1,25.7382238334
50f5609afdc9f065f0005284,24.2296320534
50f56121fdc9f065f000544e,29.0882178442
50f56125fdc9f065f000549a,21.5895026039
50f5608dfdc9f065f00051e4,24.9124261724
50f56092fdc9f065f0005240,25.4527805201
50f5619afdc9f065f00055bf,32.8011295695
50f56267fdc9f065f0005a06,19.2267479412
50f56125fdc9f065f0005470,29.1711297529
50f5609afdc9f065f0005298,28.3749926864
50f5612ffdc9f065f0005540,20.7223391027
50f5611dfdc9f065f0005413,22.796522397
50f562d6fdc9f065f0005aa0,22.2809703425
50f5612efdc9f065f00054fe,27.7147970334
50f5609afdc9f065f0005276,19.665779861
50f56203fdc9f065f000586f,19.9649552137
50f5619ffdc9f065f00055f3,24.4971151183
50f56194fdc9f065f000555e,23.3611497897
50f5619ffdc9f065f00055dc,27.986754071
50f561c5fdc9f065f00056de,26.8141861893
50f562e2fdc9f065f0005b3f,26.2545780558
50f56204fdc9f065f00058c5,24.993516477
50f56125fdc9f065f0005487,21.2837533867
50f56205fdc9f065f00058dc,16.9179488423
50f56203fdc9f065f0005868,19.6194423868
50f560fbfdc9f065f00053e8,32.7297614789
50f56257fdc9f065f0005927,19.8208551532
50f56086fdc9f065f0005180,27.3464601547
50f562e3fdc9f065f0005b45,29.2370541927
50f560effdc9f065f000531b,20.6880497593
50f562d5fdc9f065f0005a7d,20.570654711
50f5625bfdc9f065f0005978,22.1859629465
50f5608dfdc9f065f00051d8,27.409798227
50f561f6fdc9f065f00057e9,19.1964649249
50f560fbfdc9f065f00053f4,19.5133491128
50f56205fdc9f065f00058f5,16.5493272755
50f561fafdc9f065f000580c,23.8221026749
50f5608efdc9f065f00051fa,19.4651002595
50f561bdfdc9f065f000564e,23.356228127
50f5612dfdc9f065f00054e0,18.7804297361
50f5608dfdc9f065f00051ea,25.0
50f56203fdc9f065f0005860,26.9377467258
50f56267fdc9f065f00059e7,25.0
50f561f0fdc9f065f0005784,20.1939334103
50f561f3fdc9f065f00057be,25.0
50f5611cfdc9f065f00053fe,19.4179633798
50f561cbfdc9f065f000570f,25.5083137378
50f5609bfdc9f065f00052bc,26.8037294062
50f5619ffdc9f065f00055ea,25.0
50f5625bfdc9f065f0005976,28.2211825105
50f562d5fdc9f065f0005a7f,27.4371374088
50f562d5fdc9f065f0005a7e,23.7454219442
50f560f4fdc9f065f000535e,25.1639864989
50f560fbfdc9f065f00053eb,27.1158641155
50f562d5fdc9f065f0005a86,21.8269242885
50f562e3fdc9f065f0005b67,25.0
50f561a0fdc9f065f0005628,25.1469955781
50f561fafdc9f065f0005815,23.3843090431
50f561cbfdc9f065f000572b,25.0
50f561bcfdc9f065f0005645,25.0
50f561c4fdc9f065f00056be,25.0979449028
50f562ddfdc9f065f0005b0f,22.8841358845
50f5609afdc9f065f000528d,25.0
50f561bdfdc9f065f0005656,27.4382092961
50f561ccfdc9f065f0005744,18.8810560794
50f562d5fdc9f065f0005a8b,25.0
50f5612efdc9f065f0005525,26.2545780558
50f561bcfdc9f065f000563f,23.0185575011
50f56126fdc9f065f00054a6,24.5932077409
50f56268fdc9f065f0005a1e,30.0036530703
50f56204fdc9f065f00058bb,28.2211825105
50f56203fdc9f065f0005894,20.296840374
50f560edfdc9f065f0005308,21.8269242885
50f561cbfdc9f065f0005704,16.4550685306
50f5619ffdc9f065f00055e2,26.1503058776
50f5608afdc9f065f00051c6,27.3072411217
50f562d6fdc9f065f0005aa3,25.0
50f5609afdc9f065f000527b,18.4565270245
50f5609cfdc9f065f00052e7,29.2808808379
50f561fbfdc9f065f0005830,30.1859874096
50f56086fdc9f065f000517a,27.2430828944
50f561cbfdc9f065f0005714,25.2544477466
50f56121fdc9f065f000544b,28.4876807417
50f5619ffdc9f065f00055de,25.0
50f561f1fdc9f065f000578c,26.2545780558
50f560f9fdc9f065f000538e,22.8841358845
50f5608afdc9f065f00051c7,26.2588744777
50f560fafdc9f065f000539a,25.0
50f56204fdc9f065f00058a7,23.3472430278
50f562ddfdc9f065f0005b07,28.1730757115
50f56205fdc9f065f00058ec,23.3472430278
50f5609cfdc9f065f00052dc,19.6164502291
50f5611efdc9f065f000541a,25.0
50f560effdc9f065f0005319,30.5136096648
50f560f0fdc9f065f0005332,25.0
50f5625ffdc9f065f000598b,25.0
50f56204fdc9f065f00058ad,27.4382092961
50f562d8fdc9f065f0005ac2,25.9106327381
50f5608dfdc9f065f00051e6,27.3516847805
50f560fbfdc9f065f00053e2,25.0
50f560f5fdc9f065f0005379,27.6373377858
50f56269fdc9f065f0005a5d,24.3513347624
50f56269fdc9f065f0005a4f,21.2821952757
50f5608dfdc9f065f00051de,18.4580705035
50f56255fdc9f065f0005907,31.6348369548
50f561bffdc9f065f0005671,23.2569056282
50f5612dfdc9f065f00054f0,22.949667857
50f56202fdc9f065f0005858,20.608936381
50f560f5fdc9f065f000537f,34.6743186452
50f561bcfdc9f065f000563c,24.9762336596
50f5625afdc9f065f000595b,29.7695500881
50f561c1fdc9f065f0005691,25.4369084379
50f562d4fdc9f065f0005a7a,34.0705212732
50f561cbfdc9f065f0005720,30.7133483579
50f5619ffdc9f065f00055f1,29.7444171888
50f5609bfdc9f065f00052d6,17.5792581992
50f56088fdc9f065f0005199,24.1168171863
50f561fafdc9f065f00057f7,26.8515659705
50f561f1fdc9f065f0005798,19.1743120604
50f56202fdc9f065f0005854,20.2304499119
50f561cbfdc9f065f00056fa,35.6920318333
50f561bdfdc9f065f000565c,14.6075917373
50f56122fdc9f065f0005455,24.25574775
50f56091fdc9f065f0005205,28.9425320092
50f56267fdc9f065f0005a09,26.7806022996
50f56087fdc9f065f0005185,17.8024694401
50f5609bfdc9f065f00052b5,25.0
50f5611ffdc9f065f0005425,24.9721332073
50f5608efdc9f065f00051f4,32.3951126624
50f561c5fdc9f065f00056e2,25.1679688288
50f56204fdc9f065f00058d2,25.0
50f56122fdc9f065f000545e,29.7695500881
50f56204fdc9f065f00058a5,25.2871022362
50f560f4fdc9f065f0005371,25.3718038164
50f561c4fdc9f065f00056c8,22.8841358845
50f562e4fdc9f065f0005b86,25.0
50f56267fdc9f065f00059df,24.037210619
50f5608bfdc9f065f00051d2,22.1823814581
50f5625ffdc9f065f00059a5,28.6778050169
50f562d5fdc9f065f0005a80,27.4382092961
50f56092fdc9f065f0005242,21.9426678579
50f561ccfdc9f065f0005749,25.0
50f5619afdc9f065f00055b7,23.7340357602
50f56204fdc9f065f00058c2,28.10981855
50f561cbfdc9f065f0005703,26.6844768472
50f562d9fdc9f065f0005acb,25.4166280472
50f560eefdc9f065f000530f,20.2304499119
50f56267fdc9f065f00059e2,25.0
50f561a0fdc9f065f0005629,29.2873519247
50f561cafdc9f065f00056f4,23.7808020479
50f562d8fdc9f065f0005ac0,29.5156648504
50f561f6fdc9f065f00057d6,21.6426742533
50f561cbfdc9f065f000570e,19.5606905329
50f5611cfdc9f065f00053fd,21.1357463716
50f56204fdc9f065f00058d0,28.6666295684
50f560f2fdc9f065f0005344,23.57472024
50f562e3fdc9f065f0005b48,25.0
50f562ddfdc9f065f0005b1b,25.0
50f56269fdc9f065f0005a4e,28.0392406001
50f560effdc9f065f0005325,25.55901223
50f56267fdc9f065f00059f5,21.7788174895
50f5612ffdc9f065f0005549,28.3325893476
50f560eefdc9f065f000530d,28.2211825105
50f562ddfdc9f065f0005af2,25.0
50f560fafdc9f065f0005391,25.0
50f561c4fdc9f065f00056cf,22.5303963192
50f5619afdc9f065f00055b0,20.296840374
50f561ccfdc9f065f000576c,23.7536823566
50f561f1fdc9f065f0005793,22.8841358845
50f5612efdc9f065f0005511,25.0
50f56267fdc9f065f00059f7,26.5057995292
50f562e4fdc9f065f0005b8e,21.1357463716
50f5625bfdc9f065f0005970,23.3878441171
50f5625bfdc9f065f0005969,28.5500298716
50f560f4fdc9f065f000535d,23.9641887506
50f56125fdc9f065f0005498,28.5873208663
50f56267fdc9f065f00059fc,25.0
50f56203fdc9f065f000588d,25.0
50f5612efdc9f065f0005529,29.6815507598
50f561fbfdc9f065f000582f,28.2211825105
50f56195fdc9f065f0005563,26.42527976
50f561f2fdc9f065f000579d,23.4049202346
50f5609afdc9f065f0005273,21.4499701284
50f56204fdc9f065f00058a0,20.9957624729
50f561cafdc9f065f00056f5,25.0278667927
50f56086fdc9f065f0005174,23.7454219442
50f5608afdc9f065f00051b6,20.4935898209
50f56092fdc9f065f000522f,22.3661072079
50f561f1fdc9f065f0005796,22.0714626988
50f56203fdc9f065f0005863,20.2304499119
50f56205fdc9f065f00058f8,27.1520135844
50f56122fdc9f065f0005459,27.1158641155
50f56121fdc9f065f000544c,24.3164108059
50f561ccfdc9f065f000575a,25.0
50f561f0fdc9f065f000577d,28.3460812198
50f561cbfdc9f065f0005719,26.430798243
50f560f9fdc9f065f000538d,26.0419531425
50f561c4fdc9f065f00056ae,23.4505111629
50f56257fdc9f065f000592f,25.9912656026
50f56194fdc9f065f0005552,20.1695175703
50f562dafdc9f065f0005ae5,23.7523296002
50f56267fdc9f065f00059fb,23.1803925203
50f560fbfdc9f065f00053e0,24.3017123163
50f5612dfdc9f065f00054dd,27.4276238299
50f562e3fdc9f065f0005b69,22.8933763169
50f5611ffdc9f065f0005429,28.5500298716
50f5609bfdc9f065f00052db,22.3767027141
50f5625bfdc9f065f000596f,25.0
50f56196fdc9f065f0005577,25.0
50f5609afdc9f065f0005282,22.8841358845
50f56198fdc9f065f0005599,27.1158641155
50f561a0fdc9f065f0005617,30.0051990526
50f562d6fdc9f065f0005a9c,28.3417144173
50f56194fdc9f065f0005557,25.2169172948
50f560f4fdc9f065f000536d,23.409422552
50f561f6fdc9f065f00057e3,21.4177124623
50f561c1fdc9f065f000568a,25.0
50f561ccfdc9f065f0005754,23.2125575542
50f56204fdc9f065f00058ac,26.9905541102
50f561bdfdc9f065f0005653,27.1158641155
50f56268fdc9f065f0005a18,29.5018039919
50f561ccfdc9f065f000573c,23.7764582043
50f56092fdc9f065f000524a,23.0131994188
50f56256fdc9f065f000590f,28.1291000309
50f562e2fdc9f065f0005b24,21.6656100499
50f56125fdc9f065f0005493,22.8913027817
50f56269fdc9f065f0005a6a,20.3075137201
50f5612dfdc9f065f00054b9,21.3637811936
50f5611ffdc9f065f0005435,26.1777437524
50f56122fdc9f065f000545b,20.4201070562
50f56092fdc9f065f0005238,21.4327974292
50f5609bfdc9f065f00052d0,27.2571393831
50f562d5fdc9f065f0005a83,28.3743724501
50f5609afdc9f065f0005263,25.4539338182
50f56266fdc9f065f00059d1,24.8176966447
50f5612efdc9f065f0005503,27.0725083486
50f562e3fdc9f065f0005b62,25.0542723964
50f56260fdc9f065f00059b9,25.0
50f562e2fdc9f065f0005b32,23.0822881165
50f56198fdc9f065f0005590,21.2432297396
50f562d9fdc9f065f0005acd,25.5722632105
50f561c4fdc9f065f00056b5,24.9114373268
50f561f6fdc9f065f00057da,26.9632560385
50f56120fdc9f065f000543b,29.7304078203
50f56099fdc9f065f0005251,27.9982605604
50f5611ffdc9f065f000542f,26.2781135526
50f56088fdc9f065f000519f,26.270639729
50f561f4fdc9f065f00057c0,23.9276880782
50f5619ffdc9f065f00055e0,27.3101600155
50f5609cfdc9f065f00052eb,23.1406370118
50f561bffdc9f065f0005680,16.4712832747
50f56120fdc9f065f0005441,25.4631064483
50f5625afdc9f065f0005956,20.03608892
50f561f0fdc9f065f0005780,17.2623110239
50f5619ffdc9f065f00055da,27.3018767376
50f56204fdc9f065f00058c7,21.4037341389
50f5611cfdc9f065f00053f8,29.5428509216
50f56088fdc9f065f0005197,17.5635306194
50f5609bfdc9f065f00052cb,26.2351119314
50f561a0fdc9f065f000562d,23.9530652189
50f56205fdc9f065f00058e7,23.311435192
50f56205fdc9f065f00058d5,15.4826198535
50f562ddfdc9f065f0005b0c,18.904686359
50f56255fdc9f065f0005901,18.6372950992
50f5608bfdc9f065f00051c9,22.0262408697
50f56195fdc9f065f0005567,29.1837095333
50f561f6fdc9f065f00057e7,25.5192787493
50f560f1fdc9f065f0005343,19.3991907454
50f56205fdc9f065f00058f1,21.2194300127
50f56269fdc9f065f0005a6f,20.0096027201
50f56122fdc9f065f0005463,19.7568251465
50f561a0fdc9f065f000560d,26.6007753281
50f56089fdc9f065f00051ad,22.5418250139
50f5609bfdc9f065f00052d7,29.1464839663
50f5608dfdc9f065f00051f1,16.7129244116
50f561f3fdc9f065f00057b6,26.2345379505
50f562e4fdc9f065f0005b92,15.5868681999
50f5609cfdc9f065f00052e4,18.2996791117
50f5608afdc9f065f00051b1,18.9955150804
50f562e3fdc9f065f0005b44,20.992608319
50f56260fdc9f065f00059ce,19.6251591925
50f56255fdc9f065f000590b,21.6852320792
50f561bffdc9f065f0005676,18.1177021787
50f561ccfdc9f065f0005770,19.0567030419
50f562d6fdc9f065f0005a95,23.3535683775
50f560f5fdc9f065f0005388,22.3504133666
50f562e3fdc9f065f0005b77,21.2329746269
50f561fbfdc9f065f000583b,13.9879628185
50f5625afdc9f065f0005967,17.0129398833
50f5625ffdc9f065f00059af,24.7825512121
50f560fafdc9f065f00053b4,26.6773569668
50f56195fdc9f065f0005560,25.6687775859
50f561cbfdc9f065f00056fb,16.2666957722
50f561ccfdc9f065f000574d,20.1286053603
50f562e4fdc9f065f0005b91,14.8520890156
50f5612efdc9f065f000550f,25.7214668542
50f561a0fdc9f065f000561f,24.5424344315
50f560effdc9f065f0005320,19.7602581838
50f56203fdc9f065f0005887,22.0947032309
50f56267fdc9f065f00059dd,17.0517568997
50f5619afdc9f065f00055b6,19.5111379294
50f5619ffdc9f065f00055df,30.6961283345
50f56099fdc9f065f000525e,28.9946774267
50f562e3fdc9f065f0005b7b,35.3026480046
50f560f2fdc9f065f0005347,30.8158891154
50f5625ffdc9f065f00059ad,22.9155109983
50f56269fdc9f065f0005a5e,26.6527569722
50f5619ffdc9f065f00055e8,13.1892966434
50f561cbfdc9f065f0005729,16.2306196829
50f561f1fdc9f065f000578d,21.2811307346
50f5612ffdc9f065f0005533,21.65796906
50f561effdc9f065f0005775,28.7233137547
50f561fbfdc9f065f0005837,23.1055504212
50f562dafdc9f065f0005add,28.0908281026
50f56259fdc9f065f0005942,26.8346610486
50f56202fdc9f065f000585d,30.3087618228
50f562e3fdc9f065f0005b5f,14.6568694464
50f561a0fdc9f065f0005634,20.1150056503
50f5619afdc9f065f00055b2,16.2812434892
50f56195fdc9f065f0005562,27.6890720172
50f5619afdc9f065f00055ca,26.4145251348
50f562ddfdc9f065f0005b18,27.6554890306
50f560fafdc9f065f000539d,18.5639350112
50f56255fdc9f065f0005908,21.2416892608
50f560fafdc9f065f00053a7,23.6858716012
50f56203fdc9f065f0005876,14.8522383824
50f561f0fdc9f065f0005787,31.0459099117
50f562d8fdc9f065f0005abf,27.4033804872
50f5612dfdc9f065f00054c8,31.4851723929
50f561ccfdc9f065f000574c,22.0000154224
50f560fbfdc9f065f00053d7,23.2820473444
50f5611ffdc9f065f000542c,14.9355242675
50f56197fdc9f065f0005586,32.787815551
50f56092fdc9f065f0005244,26.4620376436
50f5609afdc9f065f0005283,27.3579381787
50f562d5fdc9f065f0005a7c,25.9758793088
50f562e3fdc9f065f0005b68,21.5601410526
50f56260fdc9f065f00059ca,24.5155271893
50f5625ffdc9f065f0005991,19.585427558
50f5619ffdc9f065f00055e3,27.1866234781
50f560fbfdc9f065f00053e3,19.1250128659
50f562d6fdc9f065f0005a99,23.0110076393
50f561f6fdc9f065f00057d3,14.6737804868
50f5612dfdc9f065f00054c1,14.5891052437
50f5609afdc9f065f0005280,21.9630082779
50f562e2fdc9f065f0005b2b,16.7462246896
50f56092fdc9f065f000524b,21.4954985112
50f56268fdc9f065f0005a4a,23.9851597205
50f562e3fdc9f065f0005b57,20.5092774441
50f562dafdc9f065f0005ad5,20.0924740253
50f561fafdc9f065f00057f6,19.2627167727
50f5612ffdc9f065f0005531,32.8835455824
50f5609bfdc9f065f00052d3,16.0907703433
50f5612efdc9f065f0005519,32.4882242451
50f56267fdc9f065f00059f4,28.6296276374
50f56259fdc9f065f0005946,14.9703981214
50f56260fdc9f065f00059c8,19.8272388077
50f56203fdc9f065f0005898,25.6463219787
50f56195fdc9f065f0005571,27.8245684399
50f561ccfdc9f065f000573f,16.2570254744
50f561ccfdc9f065f0005763,24.2587229703
50f5612dfdc9f065f00054d9,28.1565252543
50f5609bfdc9f065f00052ad,22.3719665751
50f56195fdc9f065f0005573,32.5015854983
50f561f0fdc9f065f000578a,20.8159908425
50f562e4fdc9f065f0005b85,34.1207021635
50f5612efdc9f065f000551a,27.0210904675
50f560fbfdc9f065f00053ed,22.1839035114
50f56256fdc9f065f000591d,16.9049628109
50f56269fdc9f065f0005a61,24.3524481698
50f562e2fdc9f065f0005b20,31.9164991621
50f560f4fdc9f065f0005363,30.1779904688
50f56267fdc9f065f00059dc,19.3294488681
50f562ddfdc9f065f0005b16,24.8314772537
50f561a0fdc9f065f0005612,12.9448551408
50f561f6fdc9f065f00057f5,28.1392962323
50f5612efdc9f065f000552e,31.5465973422
50f561c1fdc9f065f00056a2,16.3623909424
50f5609cfdc9f065f00052e3,24.5044729748
50f561c5fdc9f065f00056e9,18.7788190719
50f562e3fdc9f065f0005b50,17.9182084904
50f5608dfdc9f065f00051eb,25.9662468336
50f5612efdc9f065f0005508,22.6521177894
50f56205fdc9f065f00058d7,28.6124331139
50f56202fdc9f065f000585a,18.1630621037
50f56125fdc9f065f000546a,22.5121452194
50f561a0fdc9f065f0005618,20.3856489127
50f5625ffdc9f065f00059b2,20.5260268946
50f562d8fdc9f065f0005ab9,15.5385928844
50f561befdc9f065f0005664,20.9801280561
50f56260fdc9f065f00059c3,24.6409997147
50f562e2fdc9f065f0005b2a,31.1303691829
50f56125fdc9f065f0005476,25.0743095539
50f561c1fdc9f065f00056a6,34.9530853742
50f561fafdc9f065f0005805,23.7628929716
50f561cbfdc9f065f000572a,17.7064322445
50f561bdfdc9f065f0005650,21.2666386391
50f56259fdc9f065f000594f,32.8758730891
50f5612efdc9f065f0005500,20.1832873657
50f562e3fdc9f065f0005b7f,19.4266519676
50f560fafdc9f065f00053cb,15.3745689166
50f562e3fdc9f065f0005b56,23.8390900821
50f56204fdc9f065f00058bc,27.2717709752
50f56205fdc9f065f00058ea,26.3608109774
50f5609bfdc9f065f00052cc,23.6543247879
50f5612dfdc9f065f00054d6,29.0679546691
50f562d6fdc9f065f0005aa1,16.9736940949
50f56259fdc9f065f0005948,23.6374775423
50f561c1fdc9f065f000569c,26.7385178243
50f561f6fdc9f065f00057eb,23.6027278216
50f5609bfdc9f065f00052b6,20.4506076462
50f561f3fdc9f065f00057b3,18.5053917461
50f5609bfdc9f065f000529f,16.1661593648
50f5619afdc9f065f00055c6,32.732061017
50f56205fdc9f065f00058d9,22.2921934862
50f5609bfdc9f065f00052da,21.4053429636
50f56268fdc9f065f0005a44,27.1158641155
50f56255fdc9f065f00058ff,28.7741684857
50f56125fdc9f065f000546e,20.2622466544
50f561f6fdc9f065f00057e0,25.0
50f561fafdc9f065f00057ff,29.9448111334
50f56091fdc9f065f000521e,28.0112662971
50f56259fdc9f065f000594a,27.1124703556
50f56122fdc9f065f0005466,17.4984145017
50f561bdfdc9f065f000564f,18.2057375898
50f5625cfdc9f065f0005980,18.7130237324
50f561fafdc9f065f0005816,19.5349450652
50f56268fdc9f065f0005a33,19.5981374402
50f560fbfdc9f065f00053e1,23.9706881898
50f56260fdc9f065f00059b6,24.2302801409
50f5619ffdc9f065f00055e9,31.4513768093
50f5619ffdc9f065f00055ef,23.3733794044
50f5625afdc9f065f0005957,23.36356038
50f560f2fdc9f065f0005351,24.6203190864
50f5625bfdc9f065f000597a,25.0
50f560fbfdc9f065f00053e9,18.71840256
50f562e2fdc9f065f0005b3c,27.2336115572
50f561f4fdc9f065f00057cb,19.0188097837
50f561ccfdc9f065f0005769,15.5619332026
50f56204fdc9f065f00058a6,22.5017825347
50f56194fdc9f065f000555a,19.9444964824
50f561ccfdc9f065f0005745,16.3078477005
50f56267fdc9f065f00059da,21.2666386391
50f560f2fdc9f065f0005349,27.1549859257
50f56060fdc9f065f0005166,15.5662734186
50f562ddfdc9f065f0005aef,17.8978671834
50f56268fdc9f065f0005a1d,20.2765965263
50f5612dfdc9f065f00054bc,32.3885673072
50f56268fdc9f065f0005a39,21.6953233751
50f560f5fdc9f065f0005378,19.3663945025
50f5612dfdc9f065f00054cd,26.0655962975
50f56267fdc9f065f00059d3,17.6388648655
50f5608afdc9f065f00051af,25.2004908174
50f562e3fdc9f065f0005b58,26.0259169204
50f56092fdc9f065f0005229,17.9830668642
50f56091fdc9f065f000521f,14.8623228292
50f562d7fdc9f065f0005aa5,29.8275942986
50f5619afdc9f065f00055be,26.0159287757
50f5612efdc9f065f0005516,16.0116160733
50f5612efdc9f065f000552c,30.4926117927
50f561f2fdc9f065f000579e,20.8304860646
50f56268fdc9f065f0005a48,30.9382875848
50f561f3fdc9f065f00057ba,21.9274999919
50f561f6fdc9f065f00057ee,27.2877213123
50f5609afdc9f065f0005269,24.1011111044
50f561a0fdc9f065f000562a,29.1208106296
50f562dafdc9f065f0005ada,22.6704163075
50f56125fdc9f065f00054a3,34.2988613885
50f5619afdc9f065f00055c0,22.9913273501
50f561c1fdc9f065f000569b,28.7942861176
50f56267fdc9f065f0005a0a,34.5576791263
50f561fbfdc9f065f000583e,19.5644337788
50f561bffdc9f065f0005672,35.2292789452
50f56259fdc9f065f0005949,24.0030048664
50f56268fdc9f065f0005a14,24.7907096828
50f56060fdc9f065f0005167,20.0480159552
50f56260fdc9f065f00059b7,21.8090507947
50f5609bfdc9f065f00052d1,17.7317562307
50f56268fdc9f065f0005a46,29.2153228997
50f561cbfdc9f065f000571b,24.9421314264
50f5619ffdc9f065f00055f6,18.387332868
50f5625bfdc9f065f0005974,26.1900723661
50f56089fdc9f065f00051a3,18.9256616483
50f5609bfdc9f065f00052a5,21.883236459
50f5612efdc9f065f0005514,18.6419497727
50f56099fdc9f065f000524f,24.4672470387
50f56268fdc9f065f0005a2f,21.749605742
50f56204fdc9f065f00058b7,15.277816569
50f56267fdc9f065f0005a02,27.7963348385
50f56089fdc9f065f00051aa,29.4480773949
50f5609bfdc9f065f00052a9,22.3595211146
50f560f1fdc9f065f0005338,27.3102666828
50f562e2fdc9f065f0005b2d,20.6620063799
50f56267fdc9f065f00059ee,25.3601641386
50f561c1fdc9f065f00056a7,23.971475487
50f5609afdc9f065f000526d,22.5687871079
50f5609bfdc9f065f00052bb,25.0578685736
50f560f0fdc9f065f0005335,23.7853847103
50f561f6fdc9f065f00057f3,21.6460521577
50f561a0fdc9f065f0005630,25.0326410335
50f56099fdc9f065f0005257,15.8334662463
50f561cbfdc9f065f00056fd,31.7019126094
50f5625ffdc9f065f000599a,29.6437797985
50f5608dfdc9f065f00051e5,18.6015752684
50f562e3fdc9f065f0005b71,25.8696540617
50f561bcfdc9f065f0005647,23.8225726505
50f56125fdc9f065f0005483,18.0234387715
50f56203fdc9f065f000587e,13.0906134598
50f561effdc9f065f0005774,23.2652013901
50f56203fdc9f065f000586b,21.2777919744
50f5612ffdc9f065f0005539,18.7525609957
50f560f1fdc9f065f0005336,29.061632761
50f560f1fdc9f065f0005342,17.2040265025
50f561cbfdc9f065f0005718,15.1864345656
50f5625ffdc9f065f000598a,13.8503628541
50f561c4fdc9f065f00056b2,22.1667191436
50f5609cfdc9f065f00052df,29.3001507702
50f5612dfdc9f065f00054e4,22.0063992318
50f561ccfdc9f065f0005764,31.9196973225
50f56087fdc9f065f000518b,22.1679863703
50f560f4fdc9f065f0005367,23.7838770585
50f5608afdc9f065f00051b8,32.550527001
50f561c0fdc9f065f0005687,29.1098593933
50f56061fdc9f065f0005170,27.5209287475
50f56198fdc9f065f00055a4,23.9012918399
50f5609bfdc9f065f00052b3,21.7829785307
50f5608afdc9f065f00051bd,24.892205454
50f56202fdc9f065f0005844,31.4905806879
50f56125fdc9f065f0005492,29.3047281798
50f56203fdc9f065f000588f,25.0227043868
50f560fafdc9f065f0005394,15.6568473682
50f562d6fdc9f065f0005a93,18.1020761503
50f56268fdc9f065f0005a3f,23.0213211569
50f562e2fdc9f065f0005b3a,22.0636815618
50f5609bfdc9f065f000529e,14.8960075607
50f560effdc9f065f000531c,29.8796694802
50f56203fdc9f065f0005869,16.6675347577
50f56125fdc9f065f000548d,26.7544185991
50f5609afdc9f065f000527a,18.3127115591
50f56198fdc9f065f000558d,17.7379605773
50f5609bfdc9f065f00052d2,23.8004742449
50f560fafdc9f065f00053ab,20.1590836371
50f56195fdc9f065f0005572,15.7563710905
50f56125fdc9f065f0005474,14.1630234139
50f56198fdc9f065f00055ab,26.2809474031
50f56194fdc9f065f000555c,19.1247444978
50f561bffdc9f065f0005682,26.8827059825
50f56258fdc9f065f0005936,23.3529318997
50f562e2fdc9f065f0005b22,30.9420270218
50f5609bfdc9f065f00052c9,17.1449136515
50f56198fdc9f065f000558a,20.9645722936
50f56125fdc9f065f00054a4,19.1741578151
50f560f2fdc9f065f000534b,29.0720377319
50f561c4fdc9f065f00056d3,36.8506483642
50f562ddfdc9f065f0005b0a,22.7428480189
50f561a0fdc9f065f0005616,21.810018814
50f561c5fdc9f065f00056e7,24.2466408947
50f562e2fdc9f065f0005b38,25.1372396355
50f562e3fdc9f065f0005b63,32.288596453
50f560f1fdc9f065f000533b,21.7854609022
50f560fbfdc9f065f00053f3,22.2248615311
50f560f1fdc9f065f0005340,29.1367420166
50f5608dfdc9f065f00051e1,19.8738271208
50f560f4fdc9f065f000535b,14.6602626469
50f561f0fdc9f065f0005777,16.8931028843
50f56122fdc9f065f0005469,37.1252385916
50f56086fdc9f065f0005175,18.9579202723
50f561fbfdc9f065f0005835,23.1713712021
50f561ccfdc9f065f0005746,23.7988655038
50f5612ffdc9f065f000554a,20.1484469071
50f560fafdc9f065f00053b0,18.2928490958
50f5609afdc9f065f0005277,31.0827992407
50f56205fdc9f065f00058e9,16.7027868686
50f560f1fdc9f065f0005337,16.4936361483
50f5625bfdc9f065f000596a,19.3691560178
50f561c1fdc9f065f0005690,34.2039800706
50f56269fdc9f065f0005a55,15.8135786293
50f56125fdc9f065f000549e,17.9625292428
50f562e2fdc9f065f0005b2c,22.4867545217
50f56268fdc9f065f0005a43,23.9007082986
50f56260fdc9f065f00059c6,20.954209782
50f562dafdc9f065f0005acf,19.4016715997
50f56268fdc9f065f0005a11,18.0747487473
50f561f1fdc9f065f000579b,11.447381949
50f5609afdc9f065f0005292,28.9215328207
50f561c1fdc9f065f0005697,21.1195654693
50f561ccfdc9f065f000576b,25.5433309397
50f56125fdc9f065f0005473,29.0158202736
50f5625ffdc9f065f000599e,36.8430791876
50f5625ffdc9f065f00059a7,17.2716524078
50f562e3fdc9f065f0005b65,22.3982260557
50f5611cfdc9f065f00053f6,30.1074254129
50f561f4fdc9f065f00057cc,29.1167090585
50f56125fdc9f065f0005471,28.8639969143
50f5612efdc9f065f0005513,17.4984145017
50f56203fdc9f065f0005872,32.590726997
50f560fbfdc9f065f00053d4,23.0489129114
50f56204fdc9f065f00058b5,13.8973306185
50f560eefdc9f065f0005310,18.8122513338
50f562e2fdc9f065f0005b37,21.6799700521
50f560ecfdc9f065f00052f2,21.2666386391
50f5612dfdc9f065f00054c6,21.7986902683
50f56259fdc9f065f0005941,27.2571500178
50f5619ffdc9f065f00055fd,19.2839034982
50f5609afdc9f065f0005285,29.7695500881
50f560f1fdc9f065f000533c,17.2694889667
50f560fafdc9f065f00053cf,31.2801912133
50f561f6fdc9f065f00057d4,26.3150347006
50f560f4fdc9f065f0005360,22.6601198125
50f562e4fdc9f065f0005b94,19.8084100482
50f56195fdc9f065f000556b,17.0829842041
50f561f0fdc9f065f0005788,28.3001137695
50f562d9fdc9f065f0005ac9,33.8705523264
50f5625ffdc9f065f0005986,17.7924698443
50f560f4fdc9f065f0005355,27.4518215753
50f5612efdc9f065f000552f,17.4984145017
50f56092fdc9f065f0005226,35.3268549606
50f56204fdc9f065f00058a2,24.1779197831
50f561a0fdc9f065f000560a,23.0761136167
50f5619afdc9f065f00055cf,23.8924858068
50f562e3fdc9f065f0005b42,18.567308556
50f5612dfdc9f065f00054ec,18.0246814975
50f56198fdc9f065f0005589,19.2864670497
50f561bcfdc9f065f0005642,19.8383937708
50f5611dfdc9f065f0005406,22.1259715334
50f561f4fdc9f065f00057c1,24.5366792411
50f56088fdc9f065f0005198,19.4780425913
50f56268fdc9f065f0005a15,17.6278300301
50f5608dfdc9f065f00051e7,21.776575666
50f5612ffdc9f065f0005547,18.7912778057
50f561f3fdc9f065f00057a7,26.6977562766
50f560f2fdc9f065f000534c,31.6534551007
50f561fbfdc9f065f0005834,29.8572913023
50f5612efdc9f065f000550d,21.5435885673
50f561bcfdc9f065f0005644,21.1047534567
50f56099fdc9f065f0005256,29.477073764
50f5612dfdc9f065f00054ca,19.9636772836
50f56086fdc9f065f0005179,18.0434957501
50f562d6fdc9f065f0005aa2,20.8667471896
50f56121fdc9f065f000544d,18.2214076518
50f5625ffdc9f065f00059a0,24.0497437694
50f5625ffdc9f065f0005985,26.3490013946
50f5611efdc9f065f0005418,21.2666386391
50f5612efdc9f065f000552d,19.6981338682
50f561a0fdc9f065f000562b,32.1951672232
50f560edfdc9f065f0005307,20.3324373728
50f56203fdc9f065f000587d,11.6482194061
50f562dafdc9f065f0005adb,22.1579248274
50f562d7fdc9f065f0005aaa,26.0025651927
50f562d5fdc9f065f0005a81,26.8648041151
50f56196fdc9f065f000557b,27.8945731001
50f561cbfdc9f065f000572f,16.5467615989
50f56269fdc9f065f0005a5a,16.7201991413
50f56203fdc9f065f000587f,19.5019101536
50f561c4fdc9f065f00056b8,23.7721360038
50f562e2fdc9f065f0005b23,26.4773515761
50f561bffdc9f065f0005679,26.4956607702
50f5619ffdc9f065f0005605,19.499004575
50f5625ffdc9f065f000599c,23.3324457773
50f560fafdc9f065f00053a8,26.5076124674
50f56203fdc9f065f000588c,18.9756621868
50f56269fdc9f065f0005a60,24.2302801409
50f561f1fdc9f065f0005795,34.558356079
50f56194fdc9f065f000554d,26.4296826379
50f561a0fdc9f065f0005621,26.4932591954
50f561f6fdc9f065f00057de,23.4429269461
50f56198fdc9f065f0005594,26.9816977901
50f5612efdc9f065f0005505,30.4208528693
50f5612efdc9f065f0005504,31.4884947272
50f562dafdc9f065f0005ae0,18.1655426968
50f561cbfdc9f065f0005717,23.1768294115
50f56258fdc9f065f0005937,17.1845363147
50f5609afdc9f065f0005286,30.0596887064
50f56125fdc9f065f0005482,32.7713303595
50f56202fdc9f065f000584e,25.5431767906
50f56125fdc9f065f000546d,23.9021576696
50f561f4fdc9f065f00057ce,27.7352549933
50f56122fdc9f065f0005450,19.8255296533
50f5612dfdc9f065f00054ee,21.5980005282
50f56092fdc9f065f0005248,22.5961106968
50f561bffdc9f065f000566e,19.8329699875
50f560f5fdc9f065f0005381,16.6394096015
50f561ccfdc9f065f0005758,18.2653475563
50f56267fdc9f065f0005a0d,30.2281203958
50f5625ffdc9f065f00059ab,21.1428093413
50f56099fdc9f065f0005250,17.991874868
50f5608efdc9f065f00051f8,21.7747963938
50f56122fdc9f065f0005456,31.6640817535
50f56257fdc9f065f0005926,31.6727550446
50f56258fdc9f065f0005938,14.4174646105
50f560f0fdc9f065f0005334,20.4508749053
50f561befdc9f065f0005661,18.0139091325
50f56268fdc9f065f0005a1a,27.9521058236
50f561cbfdc9f065f000571a,25.8459520867
50f560f5fdc9f065f000537e,22.9510537842
50f560f4fdc9f065f0005354,26.873314708
50f562e3fdc9f065f0005b54,20.2634782413
50f562dafdc9f065f0005ad1,15.9616691334
50f56259fdc9f065f000593f,27.0695530136
50f560fbfdc9f065f00053d5,33.7693803171
50f56259fdc9f065f0005945,15.3284495776
50f561cbfdc9f065f0005705,25.6435041738
50f561c4fdc9f065f00056c2,15.7861778157
50f561f0fdc9f065f000577c,29.8333949252
50f56121fdc9f065f000544a,28.2978227282
50f56194fdc9f065f000555d,20.1925833821
50f5609cfdc9f065f00052e2,21.3521066521
50f5608dfdc9f065f00051ed,19.0802872095
50f5608efdc9f065f00051ff,24.6183893743
50f561ccfdc9f065f0005765,26.9367456781
50f561ccfdc9f065f000573d,23.6974914499
50f562d8fdc9f065f0005abc,22.2444964186
50f5619bfdc9f065f00055d2,15.2321561443
50f56205fdc9f065f00058db,34.0312733831
50f561f4fdc9f065f00057c8,20.4348524998
50f561bffdc9f065f000567b,32.5015854983
50f560fbfdc9f065f00053d6,29.0460601428
50f56205fdc9f065f00058d4,25.0160574688
50f560f0fdc9f065f0005333,26.5396504282
50f561c4fdc9f065f00056c7,23.1249544567
50f56203fdc9f065f0005867,18.6467423433
50f5612dfdc9f065f00054e3,19.8374759508
50f561c4fdc9f065f00056d6,17.3496004957
50f560eefdc9f065f0005316,17.7378889162
50f560fbfdc9f065f00053e6,24.688988218
50f56061fdc9f065f000516a,29.5836363796
50f5608bfdc9f065f00051d6,27.0114860408
50f56125fdc9f065f000547f,18.2996791117
50f5611ffdc9f065f000542b,33.536514257
50f56256fdc9f065f000591a,23.3226430332
50f56268fdc9f065f0005a36,21.6786805584
50f56092fdc9f065f0005231,25.8067725772
50f56204fdc9f065f00058cf,17.2653341297
50f5612cfdc9f065f00054b4,21.6549622058
50f561c1fdc9f065f000568e,24.2986604787
50f5625ffdc9f065f000599d,33.6368187285
50f5612ffdc9f065f0005543,20.2304499119
50f561bffdc9f065f0005685,25.8301454505
50f560f5fdc9f065f000537d,19.6658640192
50f56255fdc9f065f0005909,22.3568667854
50f56204fdc9f065f00058b0,27.9999845776
50f562d6fdc9f065f0005a9d,34.1419521966
50f56205fdc9f065f00058de,26.8734274325
50f5609bfdc9f065f00052a4,27.8698492872
50f560f4fdc9f065f0005376,30.0251622105
50f561ccfdc9f065f0005748,24.6006851777
50f562dafdc9f065f0005ad9,25.15047168
50f5625bfdc9f065f0005972,21.0389988811
50f560f4fdc9f065f0005369,20.9185854248
50f561f3fdc9f065f00057a9,26.4727266321
50f5611cfdc9f065f00053f7,16.403239734
50f56092fdc9f065f000522a,26.2033897633
50f5609bfdc9f065f00052b0,35.5765327986
50f56195fdc9f065f0005566,14.0274036605
50f561bcfdc9f065f0005643,33.8831546978
50f561f6fdc9f065f00057f1,21.9201904474
50f56195fdc9f065f000556c,32.4933803684
50f561f3fdc9f065f00057ab,20.8902477454
50f561f1fdc9f065f000579a,18.3789417699
50f56194fdc9f065f000554f,21.9278140392
50f561cafdc9f065f00056ee,23.3993331987
50f562d7fdc9f065f0005aaf,33.0380910215
50f56268fdc9f065f0005a41,26.2596144099
50f5608efdc9f065f00051f6,23.9345859484
50f5612efdc9f065f000551e,23.9052836384
50f560fafdc9f065f00053b5,24.9454969135
50f56205fdc9f065f00058d6,21.5124517119
50f561f6fdc9f065f00057ef,20.8626959728
50f56089fdc9f065f00051a8,26.9417380734
50f56267fdc9f065f00059ec,25.1979477411
50f5625ffdc9f065f00059b1,17.976994349
50f56196fdc9f065f000557a,17.6892912405
50f5612efdc9f065f0005515,24.091068048
50f56203fdc9f065f0005865,27.4316963792
50f5612dfdc9f065f00054eb,14.9770840007
50f56099fdc9f065f000524d,18.8598866668
50f5612efdc9f065f0005528,15.519805855
50f560f0fdc9f065f0005329,26.8427805547
50f56198fdc9f065f00055a8,25.4282064797
50f56125fdc9f065f0005484,31.4493582304
50f560fafdc9f065f00053b6,22.3948052179
50f56125fdc9f065f0005480,21.8269242885
50f56086fdc9f065f0005177,24.5705331012
50f56197fdc9f065f0005584,26.4612759022
50f561c4fdc9f065f00056b7,26.5257605511
50f56255fdc9f065f000590a,27.3313529344
50f56202fdc9f065f0005843,18.5411677448
50f5611ffdc9f065f0005420,28.7720708436
50f5625ffdc9f065f00059ac,24.7586584518
50f56199fdc9f065f00055ad,24.3902874911
50f560fbfdc9f065f00053dc,14.1315174105
50f562d8fdc9f065f0005ac1,23.4460320969
50f561c1fdc9f065f0005693,12.8159127148
50f560eefdc9f065f0005313,12.9727165379
50f561bdfdc9f065f0005657,21.0387576261
50f56267fdc9f065f0005a08,14.5397427996
50f561c5fdc9f065f00056e8,22.6014965923
50f5609bfdc9f065f00052c7,17.4646382934
50f5609afdc9f065f0005291,16.7475256672
50f5612dfdc9f065f00054c7,24.0930986453
50f561fbfdc9f065f000583a,30.3916437262
50f5609afdc9f065f0005290,13.1128470879
50f560f2fdc9f065f0005352,29.652659817
50f5625afdc9f065f0005965,15.9926159185
50f560fafdc9f065f00053ba,23.713717733
50f562d5fdc9f065f0005a8e,14.3638347434
50f56205fdc9f065f00058f9,16.9694839224
50f5608afdc9f065f00051b0,16.2306196829
50f56267fdc9f065f00059fa,13.4591327234
50f561a0fdc9f065f0005633,26.29086785
50f5612dfdc9f065f00054bd,27.0285854176
50f561bffdc9f065f0005670,21.3487933858
50f5608dfdc9f065f00051e9,25.485863813
50f5609bfdc9f065f00052b1,26.0977821361
50f56087fdc9f065f000518e,19.7404937243
50f560fbfdc9f065f00053f2,23.7890295179
50f56260fdc9f065f00059c1,21.154316231
50f56126fdc9f065f00054ae,17.998856278
50f5611ffdc9f065f000542a,21.2601239995
50f561c1fdc9f065f00056ac,26.752151681
50f56268fdc9f065f0005a3b,27.0399776163
50f562d6fdc9f065f0005a90,21.4719817731
50f562d5fdc9f065f0005a84,21.0349858156
50f56267fdc9f065f00059e4,17.0246309394
50f56092fdc9f065f000523c,28.8957110849
50f56092fdc9f065f000523d,22.2962731269
50f561c4fdc9f065f00056af,22.1967860011
50f56256fdc9f065f0005917,21.7189854364
50f562d7fdc9f065f0005aa9,14.521397175
50f561c5fdc9f065f00056e4,17.1878801046
50f5619ffdc9f065f00055ff,15.5212150713
50f56126fdc9f065f00054b0,12.5547906613
50f561fafdc9f065f0005827,27.2871854647
50f561fafdc9f065f0005810,19.0462591113
50f56204fdc9f065f00058b1,19.3942590146
50f56205fdc9f065f00058e0,23.4883515825
50f5611ffdc9f065f0005427,25.455755194
50f56203fdc9f065f000586a,24.4426611931
50f562dcfdc9f065f0005aeb,15.2763189769
50f56259fdc9f065f0005951,23.2816640989
50f56198fdc9f065f00055a6,19.7402602921
50f561cbfdc9f065f0005715,19.641061242
50f5611ffdc9f065f000541f,15.6541142095
50f561bffdc9f065f0005677,18.0990478892
50f561fbfdc9f065f0005840,12.9150159838
50f56202fdc9f065f000585b,12.3016806265
50f560fafdc9f065f00053cd,24.7412023696
50f5611cfdc9f065f00053fa,30.1339683905
50f5612ffdc9f065f000553b,28.5762197004
50f561c5fdc9f065f00056e1,19.1221222926
50f560f4fdc9f065f000536e,21.9159210273
50f56125fdc9f065f000549f,21.6362272248
50f561ccfdc9f065f0005756,15.5162774756
50f56088fdc9f065f0005194,25.6765951994
50f56256fdc9f065f0005916,25.8446803711
50f562e3fdc9f065f0005b47,25.5801056641
50f561cbfdc9f065f000572c,37.3774048412
50f560fbfdc9f065f00053df,22.2688680469
50f562d7fdc9f065f0005ab6,28.6586489495
50f561fbfdc9f065f0005828,20.5969944035
50f561c1fdc9f065f000568c,20.6183836189
50f5609afdc9f065f0005297,21.1363363902
50f56268fdc9f065f0005a25,22.1561223382
50f56088fdc9f065f0005196,27.5654374457
50f5609cfdc9f065f00052e8,22.9305357802
50f562e3fdc9f065f0005b4d,18.9056864421
50f5608dfdc9f065f00051d9,18.4032706028
50f5608dfdc9f065f00051f0,19.6835218307
50f5609bfdc9f065f00052af,19.9173400069
50f5609cfdc9f065f00052e9,21.8269242885
50f56269fdc9f065f0005a68,21.7761262153
50f5608bfdc9f065f00051d1,25.9838406626
50f562e2fdc9f065f0005b3e,21.82092111
50f56194fdc9f065f000554e,26.7965132939
50f56202fdc9f065f0005857,26.8734274325
50f56269fdc9f065f0005a6e,15.5586622546
50f56268fdc9f065f0005a1c,22.1986628265
50f56197fdc9f065f0005585,31.7003208883
50f562e2fdc9f065f0005b27,26.4278446514
50f56122fdc9f065f0005458,19.5130935014
50f5611dfdc9f065f0005407,15.5740671528
50f5612efdc9f065f0005522,19.2089634329
50f560f4fdc9f065f0005373,21.7811200834
50f562dafdc9f065f0005ace,23.9020716854
50f5611dfdc9f065f0005400,25.0241962556
50f56091fdc9f065f0005218,32.6073310366
50f561a0fdc9f065f000560e,14.7065808513
50f5619afdc9f065f00055b5,17.6105044011
50f561f6fdc9f065f00057dc,24.1132812576
50f561bffdc9f065f000567e,24.4261439794
50f562dafdc9f065f0005ad7,30.4508392317
50f56194fdc9f065f0005550,25.178219668
50f5619afdc9f065f00055cc,21.9303264156
50f5625bfdc9f065f0005977,26.4051195074
50f561f1fdc9f065f000578b,19.7817169317
50f561bffdc9f065f000567d,12.2300751738
50f56268fdc9f065f0005a3c,23.1265725675
50f5609bfdc9f065f00052c6,26.8935236473
50f5625bfdc9f065f000597e,24.9450455387
50f56120fdc9f065f0005440,13.6244616719
50f560fafdc9f065f00053a9,26.5962314654
50f56060fdc9f065f0005168,14.7719017191
50f5619ffdc9f065f00055e7,11.6595208495
50f56260fdc9f065f00059ba,30.5829690605
50f560edfdc9f065f0005305,17.3267698255
50f56120fdc9f065f000543d,18.5993690931
50f562ddfdc9f065f0005aec,17.5851535569
50f56259fdc9f065f0005947,20.2304499119
50f5619ffdc9f065f00055d6,19.7712377387
50f562d5fdc9f065f0005a85,18.7933275021
50f561bcfdc9f065f000563b,23.0510885271
50f562e2fdc9f065f0005b30,24.3665290642
50f56203fdc9f065f0005878,22.0239819522
50f561bffdc9f065f0005673,24.2402069706
50f5612ffdc9f065f0005537,22.4881898482
50f562d4fdc9f065f0005a7b,24.3414929935
50f5619afdc9f065f00055b9,28.1444761636
50f562e3fdc9f065f0005b5e,20.687204191
50f560fafdc9f065f00053c9,25.8670712931
50f56088fdc9f065f0005191,20.3624472572
50f561c4fdc9f065f00056bd,15.2532951193
50f561ccfdc9f065f000574f,28.0781839142
50f56205fdc9f065f00058e3,16.1213036336
50f56195fdc9f065f0005570,35.7269845107
50f56267fdc9f065f00059d6,29.9579245756
50f56125fdc9f065f0005499,18.5999863843
50f560f1fdc9f065f0005341,20.6304753508
50f56099fdc9f065f0005259,23.2799120552
50f560f2fdc9f065f0005348,28.8871452487
50f56205fdc9f065f00058e4,12.6910169546
50f561c4fdc9f065f00056c0,26.7450249614
50f561f1fdc9f065f0005799,18.3195791765
50f560fbfdc9f065f00053f0,31.8759106229
50f562d5fdc9f065f0005a82,25.4126963123
50f5625ffdc9f065f0005982,19.6022962091
50f56125fdc9f065f000546f,22.334864814
50f5609bfdc9f065f00052a7,20.4045353075
50f56203fdc9f065f0005893,18.9969784809
50f5625bfdc9f065f0005971,31.634622826
50f5609afdc9f065f000526a,21.8420908564
50f5612efdc9f065f00054f4,27.4920089563
50f561fafdc9f065f00057f9,26.9486417472
50f5608afdc9f065f00051b3,20.9879739342
50f560f2fdc9f065f000534f,25.2889532855
50f56092fdc9f065f0005233,16.585159089
50f5611dfdc9f065f0005411,22.0731828313
50f56258fdc9f065f0005932,16.4286201105
50f56125fdc9f065f0005477,17.7194403972
50f561c1fdc9f065f0005699,26.2212239909
50f561ccfdc9f065f0005751,32.9538720725
50f56267fdc9f065f00059e9,15.5598316432
50f56198fdc9f065f00055a0,21.740233066
50f5609bfdc9f065f00052c0,14.2726270033
50f56260fdc9f065f00059b3,20.6171955675
50f5625afdc9f065f0005959,16.2306196829
50f561f1fdc9f065f0005792,33.7917934775
50f561f6fdc9f065f00057e2,19.9437491522
50f560f5fdc9f065f0005382,14.9190627182
50f5608efdc9f065f00051fc,22.5863371512
50f56269fdc9f065f0005a5c,21.1732385029
50f5609afdc9f065f000529c,15.7527371518
50f5608dfdc9f065f00051f2,23.4663589166
50f56269fdc9f065f0005a63,27.6435245422
50f56089fdc9f065f00051a5,32.4736252124
50f5609bfdc9f065f00052c8,26.3224598611
50f56267fdc9f065f00059f9,22.8967243812
50f56099fdc9f065f0005252,21.4722240479
50f5608afdc9f065f00051c0,28.2406661513
50f56194fdc9f065f0005554,26.1245921058
50f560f0fdc9f065f000532e,22.0261722402
50f562e4fdc9f065f0005b84,24.796161719
50f56268fdc9f065f0005a4b,25.8134416854
50f56267fdc9f065f00059eb,16.7488304515
50f561fafdc9f065f00057fb,18.6927061077
50f562d8fdc9f065f0005abd,25.546076696
50f56260fdc9f065f00059c0,19.9619879331
50f5608dfdc9f065f00051e8,20.415827463
50f5611efdc9f065f0005416,19.0270423223
50f56204fdc9f065f00058c9,25.1426122914
50f5612dfdc9f065f00054ea,25.5389168422
50f561a0fdc9f065f000561c,21.7747290517
50f56198fdc9f065f0005588,17.605164122
50f5612ffdc9f065f000553e,25.775634303
50f56259fdc9f065f0005952,22.914814762
50f561a0fdc9f065f0005610,18.123874779
50f562d7fdc9f065f0005ab2,19.0618821919
50f561cbfdc9f065f0005708,26.9895152694
50f5608bfdc9f065f00051cc,20.2304499119
50f56266fdc9f065f00059cf,27.6504880795
50f560edfdc9f065f00052fc,23.1795081973
50f560fafdc9f065f00053b3,18.7480807615
50f56198fdc9f065f00055ac,25.4646420155
50f5612dfdc9f065f00054d1,15.2646653404
50f56061fdc9f065f000516e,17.2694889667
50f5612cfdc9f065f00054b8,24.2855508519
50f5608afdc9f065f00051ae,19.3079887462
50f562dafdc9f065f0005ae8,16.9768005535
50f561fafdc9f065f0005808,25.1566275812
50f561f0fdc9f065f000577f,24.8039529869
50f56194fdc9f065f0005551,27.6503929178
50f561f6fdc9f065f00057e8,12.8641816168
50f56204fdc9f065f000589b,19.57291987
50f5609bfdc9f065f00052bd,15.6547979221
50f5612cfdc9f065f00054b6,29.1654127023
50f561cbfdc9f065f0005736,36.2645456359
50f562e4fdc9f065f0005b8a,18.3538241726
50f56087fdc9f065f000518a,13.5683088846
50f5625ffdc9f065f000598c,24.294864261
50f56092fdc9f065f0005243,13.6728090844
50f5612efdc9f065f000550b,28.7401670949
50f56267fdc9f065f00059ff,28.2263029728
50f5619ffdc9f065f00055f2,19.8871504997
50f56125fdc9f065f0005494,24.9665139776
50f56198fdc9f065f000559a,28.4247056471
50f56122fdc9f065f000545a,18.3153113076
50f56061fdc9f065f0005171,23.228169892
50f561fbfdc9f065f000583d,22.5752024821
50f5619ffdc9f065f0005603,21.6478969782
50f561ccfdc9f065f000576a,15.9682246712
50f5609bfdc9f065f00052ac,25.3426758022
50f5609bfdc9f065f00052a8,21.527880909
50f56086fdc9f065f000517b,20.3672221391
50f56198fdc9f065f000558c,16.2145690477
50f56254fdc9f065f00058fe,26.2545780558
50f560fafdc9f065f00053c3,17.0897704966
50f5625ffdc9f065f00059aa,33.4933454754
50f56204fdc9f065f00058c1,16.9624007578
50f56121fdc9f065f0005445,20.6609192762
50f562e2fdc9f065f0005b3d,20.992071479
50f56205fdc9f065f00058fa,14.721493254
50f561cbfdc9f065f000572e,18.6852593132
50f561cbfdc9f065f0005700,25.0
50f561a0fdc9f065f0005637,18.2049701766
50f56092fdc9f065f000523e,17.2674742491
50f561f6fdc9f065f00057d9,21.1273370932
50f5609afdc9f065f0005287,23.9467148329
50f5609afdc9f065f0005268,16.5957761547
50f5609afdc9f065f000528e,17.1341186794
50f56198fdc9f065f000559c,19.7457719965
50f561ccfdc9f065f000573b,22.3972542039
50f56125fdc9f065f0005479,16.2306196829
50f5619ffdc9f065f0005606,35.1890939316
50f56268fdc9f065f0005a17,25.1011519308
50f56260fdc9f065f00059c5,19.7885629293
50f562dafdc9f065f0005ae6,22.7266473249
50f5612dfdc9f065f00054e1,26.3806762974
50f56091fdc9f065f000520d,21.9019507821
50f5619afdc9f065f00055c7,23.4543167633
50f561f3fdc9f065f00057bd,18.1240107855
50f560f9fdc9f065f000538f,16.657856457
50f56269fdc9f065f0005a76,25.7697198591
50f560fafdc9f065f000539c,15.6446631005
50f56203fdc9f065f0005889,26.0621623957
50f562e3fdc9f065f0005b6d,21.9554944155
50f562e2fdc9f065f0005b40,21.1091899901
50f5625afdc9f065f0005966,16.2960228227
50f5619ffdc9f065f00055db,26.4479319678
50f5608bfdc9f065f00051d4,25.7519184468
50f56125fdc9f065f000548b,20.5818144262
50f560eefdc9f065f0005315,26.3109186843
50f5612ffdc9f065f000553c,28.17907889
50f56259fdc9f065f000593a,23.3565340378
50f5625bfdc9f065f000597b,17.8522275112
50f5611ffdc9f065f0005430,15.4847890594
50f562e2fdc9f065f0005b21,22.8861695825
50f560fafdc9f065f00053c4,20.029557992
50f56125fdc9f065f00054a5,15.7788524877
50f56268fdc9f065f0005a21,15.6119484502
50f56203fdc9f065f0005886,17.5583160555
50f56120fdc9f065f000543e,26.2823516214
50f56126fdc9f065f00054af,31.639320905
50f560fafdc9f065f0005393,25.4707340969
50f5612dfdc9f065f00054e6,21.8070099909
50f5612ffdc9f065f000553f,14.251138915
50f562e3fdc9f065f0005b60,21.6339818151
50f561fafdc9f065f000581f,20.992608319
50f560fbfdc9f065f00053ef,19.6204676773
50f5625ffdc9f065f0005999,22.7235004012
50f562dafdc9f065f0005ad6,22.3738471689
50f5611ffdc9f065f000542d,33.8797251031
50f56204fdc9f065f00058ba,18.6054929613
50f562e3fdc9f065f0005b5d,13.587740389
50f562e3fdc9f065f0005b7e,31.1251727937
50f56268fdc9f065f0005a31,15.5335548422
50f56092fdc9f065f0005225,21.1452771819
50f561fbfdc9f065f000583f,29.6388117385
