id,lat,lon
kQZHgsNt_VvWLG6hputIVg,1.35296864315415,103.83475572967
eb5pYTdA_6sdCyasW1oeYw,1.352910354969,103.834657192428
uay8-87UCbbgLe4gviaObg,1.35292832030634,103.834765548017
EE6hNzKmrRxKNNoFXMESuw,1.35280908173293,103.834878857096
wPVAbyffyQK1dOIS8LlgZQ,1.35301415947227,103.83481216306
QgVsCSg7Ko9QZ6Vq5GiA2g,1.35287008786224,103.834817381823
FXIXGaU7RhpONtOed0zeFw,1.3532017703181,103.834908312165
3gcjRlgZ-D3en6L7qHqpeA,1.35310536897373,103.834857716675
ckr_EuqbeDnjS7yaavImQw,1.35294981226671,103.834882395242
I0SRtTiqjlEUIkqiZxTZ2A,1.35274334411808,103.834942278379
dZK0atZsjVvg0tgYjl0CSg,1.35327166398338,103.8349666916
HQpnVCbHjyHwObVbiqo3lw,1.35304313841679,103.834932902288
PiPjINXCxBqgL8Mtn7rV5g,1.35288755521205,103.834949885396
5xK0UsG0vKXpbf93bLKclg,1.3526715028093,103.83500994547
wrgwgS82xixgz5adyyBIew,1.35333840928128,103.835025336421
sgODGPhEd6hxJ6Yy4-vGNQ,1.35298989272813,103.835000392467
TfXI3rCVh0n5cMWhz173iw,1.35293596643489,103.835074251352
POxGcpYS3ve6pq_T2uhoRA,1.3528266041488,103.835014191249
JNGz4UiOH_knRjWbjvBSvw,1.3527650923603,103.83507655115
ZbXiDbdouMQ2yzY6xBB8sQ,1.35260821005521,103.835083450545
YDYwtmmNmawTNcWxnMlM5g,1.35250502430076,103.8350929151
vg7mTPBK2ib4sb-tMzOQHw,1.35339978087305,103.835110252044
EOrIwrIm4l0GBs99orM7mQ,1.35287777579235,103.835143510677
yjTwAMKWblzbrRkir9im7g,1.35270137232951,103.835137407364
kN58saRVuTAHP-0ZMG-K6A,1.35259537436074,103.835126173729
egcQ9DyaYKDqc4jShJW1hw,1.35244350920849,103.835106713892
eaaxa5L3114xlOekUdMlRA,1.35237301191554,103.835164739597
zgzMMd42B0b__RhWd5-lCw,1.35347520047765,103.835226922659
PvMCx-i34OCyEnDIkhkyqg,1.35280848480623,103.835215335201
O74KFrHkyPMbWpDQPKpHbA,1.35261410926411,103.835212858493
W62PT3KGlv4piBnY7CZMtg,1.35260014147379,103.835228868644
zWH2FL2j_-rcenUF5nDWsA,1.35253272796868,103.835285390684
T39Mp0rlgwKZ9CxfefG0Eg,1.35230210930524,103.835218696448
pUcC7JKBIsswvlRLISWQkg,1.35351944265231,103.835305735087
cfIv4Y8pNPjKUWogeJVt_g,1.35266509726634,103.835287602032
hKfLzvXJz5zUK5R_VQiQ8A,1.35256154749796,103.835359691994
MQNP9LG5_018PWCz2csu1Q,1.35245696720671,103.83538764345
RpV6yRgOIXyJMPSXwLBhIg,1.35245994245428,103.835343328012
NyyS0rDGNosS1ypyMqNCjw,1.35221809221706,103.835277252924
5LEaDipPWQzG989f-GkkxA,1.35214393400718,103.83532537186
4Knfw7U5O1YFXu6yQf0Dgg,1.35166993709266,103.835555086942
YnSeWaqVc1Q8E8pL5Ild6A,1.3535640398748,103.83538498983
WYHy_k7svhIuFbktOe2LTA,1.35276725690627,103.835405511155
25r5kpmJtr0Lx51_jQLvkA,1.3526511946552,103.83537853269
vjYiJ9mOjsut-UZ5i4PJpw,1.35238660088513,103.83539852329
MJUl_sxExGAPTgmCG2X5eQ,1.35231126929028,103.835451595694
kmSpSwJUzRFRctatfQRzmQ,1.3522329474482,103.835502368314
a6Ot1yUu56BCqq_CwrAvGA,1.35206700318939,103.835370660286
mLxzCXrRfj2Ujr7tDHQR7Q,1.35198844766577,103.835412499021
BKCWwTD2VrLWSpVCkcsyGA,1.35190826487425,103.835451330332
yBKfLptaMMoJf_pcQ_RFlw,1.35365803039163,103.835542791824
sqLWc3bmfoOApoi0DEQJHw,1.35360978453535,103.835463713896
psOkvw0hRjTNaGBPxgtctQ,1.35289302954625,103.835533769508
l8maHM_Nzu_ZmGZChywzqg,1.35282401793623,103.835459114286
jM9ws5wUhQ0LXB5IyliPfQ,1.35266209303253,103.835521474391
mqHzDlfufjftd0kv2zEkiw,1.35257329796787,103.835503695125
hR1YnvIUO69OjssnNY22Vg,1.3524856008776,103.83554314564
9rzaQ8zXeDseLu1OpAArAA,1.35215271020753,103.835550487329
geYATpAQ6343x5CRvGM_gw,1.35182616053025,103.835488569481
RcxRTz-zJkb0uFPoeSuFDQ,1.35173934956454,103.835523508835
1A7GVCreCl70Z6M_MuZHKQ,1.35368362362559,103.835581623172
q2TC55Kb5BypgUArkGMU-Q,1.35320851636288,103.83591297267
Dg3hcD61HAVwemZD7ssDPQ,1.35297162955024,103.835619923807
tAi8oJtV8E8wpbmXKzV-wQ,1.35272571103128,103.835576581288
lBh87kIfhfxllmQbCrJo5w,1.35240652803885,103.835600021628
s3kNeWx91CAlUwggwDTPpQ,1.35232663931059,103.835649644399
3ZC4YATtNvevkny_mJcGig,1.35207113589081,103.835594891289
xsZgkjCeI92V6T7WiGH4EA,1.35198808609173,103.835634784102
NELzw0per1FPk_W5PoaCiQ,1.35190476994075,103.835671315669
rOFjPyC8e5ZUgr_8j8QiNQ,1.35159648616393,103.835567824332
W7bux3EeAodciHz_lBfJGQ,1.35148975609617,103.835572335491
zY2a-fa0SgagYXE2HEvCaQ,1.3539052683794,103.835815142221
tpo0gtO5e133uj6UjiCxFQ,1.3537411929886,103.835656278461
_4ISxn0v3TITxWYkgsSyew,1.35304789571456,103.835701566997
FeZo38wNjySwFxWbFfmROA,1.35286658424214,103.835666185327
c79CUDdMJVDr4SytlR1WzQ,1.3528052044209,103.83564433715
hIbjyyienxPYJY4Y6YoqIQ,1.35224976071487,103.835698205738
r7-1ETUeA63tokG8cXl3Ew,1.35186261773542,103.835688475778
zhNaJHHqWI4d2LnMR4rCSg,1.35177767597802,103.835721734553
BOQffzCKM52G8tfSYBBagQ,1.3516924596513,103.835753047344
Ad9FbuHvB_VtDI8NoAfhjg,1.35148582438223,103.835645929325
28JTvuOH4brdNtGkhgw2vA,1.35142030339292,103.835598606362
jWb_I_OVzqguPbb8B6t7YA,1.35127125441733,103.835661497256
-zhAonsNlJRL9xCwtNv5pA,1.35119289580802,103.835718992473
lyJEo0JEbdXj4ZSyJ6F5Xw,1.35383587625461,103.835756497059
WpOQF_I0itvAz94DdO7mWQ,1.35373431514121,103.835732083695
RhX3YIz8GfbHtt-i9HKfGA,1.35343131560757,103.835947558315
nx7W52BztkpUSUhT7q2Mog,1.35310452221449,103.835766050115
SOT5mOKNryzA9tBLzmBYmA,1.35285985350156,103.835753666524
rhZVJAUcs4YT81Lg2UjuDA,1.35217828420276,103.835740221483
ISzjsk7s5gRvlx-A_1C6UQ,1.35210708765999,103.835771003552
gzV94vwQ0Lt6BVc2EsLzdQ,1.35200385226757,103.835813903862
e2WkobRB8SAl0CwSHx-slA,1.35160575347327,103.835782325694
6Ka9N23H9n7Jqo9w4Btp9A,1.3515178424933,103.835809746511
pPEBI8iOO3REsokxZYeaGQ,1.3514290745435,103.835836990426
vJmzqRVKJZ4stQHZ5Fb7OQ,1.3511040411285,103.83574897845
AX-DiXwvA9lZ8onCOkMu4w,1.35101432589891,103.835779406704
Sv828Y5-PK9is5mZ375T-w,1.35398020839514,103.83586679952
JMjkD7_94dH-jNQXfROG3Q,1.35378114038651,103.83588325202
wkvq5dzTfFmXqBoY0KhSQg,1.35315968544265,103.835836194337
FyJP6WhiIqX0eSCRK7qcHQ,1.35288977317745,103.835835575157
pBDqiazSlv3qH5iBm40a6w,1.3513403793492,103.835864057437
NY5gqIJVDGDdncze8QRUmg,1.35125253640358,103.835892185905
ihusNKXamYY3NRCxfvLrTg,1.35116525450014,103.835922260374
OblbY2DkqdHMT1Zx3gSEvw,1.35094706346426,103.835773480271
PzYU4l1B4x8i9x225uhF-g,1.35086341052936,103.835806827521
GOFV3H63uwtPqNOV2DAkdQ,1.3507796754898,103.835842032319
ORSLlcmvStAKfAZ0w3yUbw,1.35444783879873,103.836158256735
m8ir9pNy9VZjV2nFq0TJJw,1.35414289371908,103.835957376748
CmKFCbTVasHlVstFZjh4oA,1.3540607560202,103.835913503396
HtGIh5nLgKASnbYb3fxaWw,1.35389641146714,103.835985239872
PFwXcyUB0YpIzqo4zHiJEg,1.35380390828191,103.835965160732
IYIHJh5uN_2JxYniO4jgNw,1.35375265903359,103.835959765016
sh3ajA0drWUwie51kSfPkQ,1.35366144404531,103.835951892578
7rv3xopk_u-zgynV_431zA,1.35357184902162,103.835948354404
J2ycgrfYal4d7YUZSzjgkA,1.35347716079512,103.835947469861
XtSHleDPBtdK78dvoeX_Xw,1.35333863593179,103.835945700774
2g_m6pQR_PsX8EOwHjzQJQ,1.35329362082806,103.835938359063
ZRpSNnvUcfoWBFNPrBARpA,1.35299304815844,103.836007707285
NQxRZicpS-rYHFAWSVjfEA,1.35293362066942,103.835920668196
EbJKIANGaXXLw5HLBe_4nw,1.35107810453863,103.835954280846
7mTKxdYor4EMJloF2iyQWA,1.35099294491586,103.83598842423
_dksmN_MyJ4UTKSUUCWyQw,1.35090870339268,103.836024602074
zHlncK5Gc77lQXK9HNcyDQ,1.35069441468476,103.835881394479
H772RlL1EBTikWxkn7cUaA,1.35060776397303,103.835926152365
VRLDcKtlzLhw6adAG4TRqQ,1.35050740031268,103.835955519207
mpEucA2NMza9-FnzxYvLOA,1.3544979727351,103.836183377811
zhIkgeiwU22bHkOvORB7XA,1.3543042000519,103.836051492213
TcVX3mu2TdVF9P0HHW50Fg,1.35422509380799,103.836002842294
ysOJ-K6k2lp7yZoQ68qRsg,1.35406026960456,103.836046273403
sOQVLBq09aflpcX79r6Akg,1.3539802036248,103.836015137454
SccuFhawUUtrFEd93HqivQ,1.35346891806391,103.836073517365
58f5emALbft62eh7BmGEGQ,1.35324655395658,103.836000984752
rw0lbDBu4x0WsuOza2vSWg,1.3515699876304,103.835955961479
RFYN8wmCyWw4uJX7g_Uypg,1.35082509236099,103.836063079743
1L5v0VxcAZLsUDnSH8u-Fw,1.35074383179168,103.836103238056
vkTzUVs1PQ_v3dTQzHltaA,1.35060879262167,103.836056976387
ry6n8y6vA0HZWQVZJlHCFA,1.35047483238568,103.836022036896
oiEagBISA-R-Tkv6PUU5YA,1.35040019472434,103.836067148646
l5LACeJlUd5ta_RpZyuRgw,1.35437778016484,103.836103414965
bde5HdtPYJvSPCiFCGzesA,1.35428507048534,103.83616780982
FdskexglEYziPrFjBjIHrg,1.35421096569501,103.836120044403
tURYVVvd1t_PlObcNUo0BA,1.35347910598051,103.836166394548
ey_NOrB17rohNhYcakEkfQ,1.35325705579069,103.836101380513
2crz2tZOSZV33ZUxbeYfbg,1.35304018868108,103.836092269705
KpGHFMmk28Dr4D9qz5pzLg,1.35066463458191,103.836145253926
rbe_qGMpwZQU6O9f5aMWFA,1.35058621036146,103.836189658081
98dNkAzMtVjTatLKUPdD-g,1.35032881817652,103.83611721386
6Bj-k9g7tSLA3VtI_kkTjg,1.35455146557183,103.836245826704
Ib2amqTIwZXMDueds-vPyw,1.3543577109622,103.836221413252
BoDTiLt1-tb2rPp8ToFP4Q,1.35413845608172,103.836080859083
zgAu0IBhvehdHRBn1xMU_g,1.35348594322665,103.836257414249
aHYb_tNNVrVSDwoVF87G2g,1.35323459203058,103.83622548216
yFJZR-H2LDcqgnvkWb6SOA,1.35305610595205,103.836183820084
ICVx1xN9rgljrkbnbmck-g,1.3507230802497,103.836216194435
VacRVqpeCHkuwfF_RUZ9bg,1.35050863372291,103.836235919795
a7AARmDbLWLTSiCNhuw-YQ,1.350431111836,103.836285100526
boWoAFEQf0XA32nOX2Iqbg,1.35461941679743,103.836306418078
2DxmlVwQ_FQNcuapBdawdg,1.35446105811495,103.836307833352
5k0Cl3yejIeRL41L6mqZ4w,1.35443248263588,103.836326674179
viP3dVc3ZdIm95SFVmtrAw,1.35385071886711,103.836499956841
UUxvgw4kvmhJssnjCfLOhQ,1.35349175601613,103.836340119278
fwE1LM1pzcLnn2XjmgYQSg,1.35320604027713,103.836314202082
tRe6spxyQmY2a0B-Fu6c9w,1.35304891512756,103.836276608888
6XO1JbPO5VDkiJj5lQKPLA,1.35077731012551,103.836286515799
5E2PBzcVnH4tIHsw5PbXgw,1.35035513779338,103.836338704005
ZZtJrUVqg3ouCwX14vekbw,1.35013020933777,103.836279527888
ZYvJcJCA5bahX_Ys03Og8w,1.35006372117826,103.836337642549
bdNsvvNdsjFZbnaCFxrYuQ,1.35473433260303,103.836396022599
A4281Z1bhCCd0il6cGaOig,1.354685793058,103.836367274844
gHp4P3vi7xGuur_nCgbE5A,1.35456108658904,103.836399206967
YBBA3mKokWX-87hg3NvQEQ,1.35435984078216,103.836371609121
6nk0YqejN0aN1_pmMI4lyg,1.35430515461473,103.836440515291
CmWBWNa1CvW2Ghhpn0RDzQ,1.35316608500372,103.83640840625
eZqldgvOr_0g6PLdjgPi6Q,1.35303179541011,103.836367274844
UmxS07I_vJI4y39C7NIfeg,1.35299175905396,103.836450864487
c5YO2Pg0gv8larBFWgnJVg,1.35082985644494,103.836388150137
0rMtPimTcTP9zJmn_as6nQ,1.35028246592668,103.836390184593
47KbZ5kGtSnqNqnQiC9Yyg,1.35021041116382,103.836446264844
XoZ56ALtHb91aER3MQjqVg,1.34999744256857,103.836396641782
kLxlTL-eYTTB2N8t-mASUA,1.35498490566413,103.836649091561
wxJjggljAhAXKRKBcoqDyw,1.35480048927476,103.836457763952
H6_Sz-lXcu5rIQA6NzMOMA,1.35465925461183,103.836490757552
cW1hOHIWWBs5CWgSbt-COQ,1.35397642374674,103.836529589172
QOBqMnwHh4l9hOen-WU6KA,1.35386763231398,103.836506325581
oL3ZvacUx1YtBy-V6lG4eg,1.35375252826829,103.836486334817
HWQqkxuyWeN3AJ7slZXiSg,1.35366331657749,103.836478373894
5TOekVBqz96yx0eC3cu3Bw,1.35350969181294,103.836465813328
cafr380R2pmzsVdgpCUJsw,1.35311204762443,103.836513667322
kr6dHt6BkoB3mBlok4FlvA,1.35294587410429,103.836531712085
7Ji36yajtdBj6ppSSxy2eA,1.35091690717879,103.836557894687
TkbE9g0w4U42bDCoX0epSw,1.3508772981647,103.836469793789
4_lbNV8p7twj2YGjZFISyg,1.35014092390088,103.836503583484
YWYIa-AD12Wwh0QHMuxxqQ,1.35007300343433,103.836562052061
QSflZig5Esa0zXHhv2J1Ug,1.34993123304517,103.836456083313
Y3JppNuzGh8tCc_Dz0n5ew,1.34986516514832,103.836515790235
BCJ_naKA1ahL2URC-InhkQ,1.35492642235392,103.83658381193
E4USD_wS-h9gqCjFlKzfxQ,1.35486507045472,103.836519859152
5xjmEmXQMtdKtZf87VA3Pw,1.35474831079882,103.836538080826
A9RXqSRkaYxpSQvvrPtOcQ,1.35418361404753,103.836616894016
eUVUSCepNrZ0LIdwcr9IKQ,1.35408650791672,103.836588853852
XVrmKH3hRURoMB3S7DbxPg,1.35389763566896,103.836524724162
V9UTyMbvy-CoL1W-xZBMww,1.35343373829953,103.836613178915
j1k0Ahfz-2yHKfZDvZQgnA,1.35311050170891,103.836619636114
vsnmp-9vHhhSos83V0PnkQ,1.35289948705487,103.836612825096
abIYQX3btFUGqwU0bB8b_Q,1.35000571904325,103.836621847484
_pT_rekGFT84lkaJOzSWaQ,1.34979974563228,103.83657470109
MUUXSDlefzyvX6_EaxlDFQ,1.35487597827072,103.83666103296
kzieTeg-L1j_UADNm3gKBw,1.35415511546063,103.836647145555
qKT0gyqUjj7xvwDo5NBEdQ,1.35389576984271,103.836636442524
GjJRO-hZH-c1izGWnp49OA,1.35340363658199,103.836697830167
QfztUz_wMmaaRzPX6da5Yw,1.35306560811534,103.836702164454
3WAz1M6JtlEc4lvQ1GQOJQ,1.35284099220335,103.836685269581
PlxSZR2EG_uQjHykWe0xWQ,1.35097496667903,103.83663378888
pkg3E0k4ciQ_RaVMMN63dw,1.34993950596781,103.836681908298
OjZiCV25xrvTN4ja6kDfWw,1.34973382667955,103.836633435061
JY6IRnvU9BvuPbHF62_Siw,1.34966625945572,103.836692788242
KCV2F1Sf3esibVpS9LpS2g,1.35516589746067,103.836875889871
Ttdh8yjeX4wf9m17PYd0tA,1.35511507419589,103.836809371762
6GPlTJSTmN6gJpZL6II_hA,1.35503945782936,103.836713928948
R_sI2z3xLdxiqNVmvjZozA,1.3549410513938,103.836724631986
lJJ9xaH9E8Vv7PGQcvzx0g,1.35428541424991,103.836772397615
Rpyfe9G5ebeaWnpKKY7ijA,1.35422069652529,103.836709329296
M591sdWcnRI9hUZaKzLsgA,1.35386840395216,103.836717909417
f3nEdOzoYspg23LP2L8ldQ,1.3533748783542,103.836785135119
eQ2BlOYklIu7U04XalMGtw,1.35301744784237,103.836780712375
1ADIIKhfk82H-ygGFRhXXw,1.35277005052255,103.836745861152
jEwSwe8mvKPAY15KHwPIiA,1.35196236266905,103.836751079989
pUn5z-hcY_qmz8CsaeLbiw,1.34987443828183,103.836741792228
2GXcowP85TmIHYZnxMkbNw,1.34980915310905,103.836802206915
G0mvyFJl-3Uyxvj3uhTsPQ,1.34959733105102,103.836752583722
-hfWs73QN_czwlScR2L_Tg,1.35500704253625,103.836790265503
DlPxvwlCQiVwnCCrS43vqQ,1.35435440018512,103.836839446435
KZowZyN3aM0EhoK-IPZPWg,1.35295981568376,103.836852360855
-_FL-UCiKD5tMTH1XalZBw,1.35287239594093,103.836868636565
FnTibtjnK34ikm0Va4Lf0Q,1.35266265140105,103.836828124205
yTK9plauxrZGAG3dBb5M9Q,1.35183710935641,103.836854041499
XWyRUMqaHIvymyIdIOEnTg,1.35171335728628,103.836883320087
biwJmtRMqBqFurbuF_expw,1.35162968620088,103.836931881868
PTsOdTs7LkZCDs5MX2Dc5g,1.3513662408036,103.836829451028
4D63eJMaWqGEnHZyOjtsQw,1.35126678512352,103.836849972572
d2DLH4TjNKb903zjHLcG-A,1.34974243009854,103.836863948453
nCm9B5g2L8TzmjZKXm6NfQ,1.3495276907375,103.8368118485
i0ccLNyLyFIwfOYWadQ0qw,1.3494586293494,103.836869963389
yOnYPCQ9fVP16YfXPzZuXg,1.35523836846884,103.836971067434
ZfhJ4vmHaHIdy-wwv3wsuw,1.35513063311697,103.836925601563
vAuEd6HKVdPbZSp3qtdMLg,1.35507009408848,103.836857137422
HcOM3mGDb8dL7v-YEQsqnQ,1.35440438393458,103.836927193753
xtTQvAiJuM8r9G3INAbyMA,1.35378457815317,103.836952049607
JvlgoEtlUHdh8ePQ-nZ99g,1.35332547148792,103.836905787648
pRCiy4HOjnKbd6m7gEGg_Q,1.35292808792359,103.836884646911
o_7IN-WrpVAfr1MbCxfJ5A,1.35286052243963,103.836942673377
6zPj6L9DStDeIw5E65SAfQ,1.35272491099712,103.836969209878
k0k_Ht5qKeYTNyXsovC9Ww,1.35257713890088,103.836910121942
gZCKPK3hB5ZKeiUCxrYvpQ,1.35260287743836,103.837034578149
8Mam1aoC_hklsMhAO0sVRg,1.35176440181077,103.836911183402
EUdrsjIb7hdJT9kJPG1Xgw,1.35142108103989,103.83691790598
a4y0tDcfISR_IXaXvEqtng,1.3511856333803,103.836883585452
OBPBrE4A5opyKJoSBficGQ,1.35108035108824,103.836922328729
zCqkrn7EgVKa8N01oMo1hQ,1.35104211078185,103.836943381017
qQxRmHJNC_vMP4JlmxpWwg,1.3496745640357,103.836925513108
Nhl-mZrMWSV9_Bi5fdhlIg,1.34960620162692,103.836986370152
sM1RG-ZAUR82I6yByxblzg,1.3493897903424,103.836926751478
aZIkhrOkXtyCAdEDftcccw,1.34931923773275,103.836983097316
vBGkxC1lNQUehDh9f_NoDg,1.35530310891517,103.837055011269
GE9Vs2mjjwmFkBb-TzQ99w,1.3551890125915,103.836996454025
uzsP2IElaBL2raIZPlPyXA,1.35441915265193,103.837019452335
kAgrXlssLVQFkPbAj9-bDg,1.35328265582099,103.836987608523
cBb0beh8zcWjMToEyF27BQ,1.35323204301885,103.837069694811
cCqEGuI6U2e3efS6LkLMLQ,1.35278411547086,103.836996100205
BOZDqI-4lN0hn2KSzuVeZg,1.3526441966853,103.837013172027
al36NJxuq40PGNfuy22jxA,1.35258362172073,103.836988316163
QcInhUQr65jeTz7rl-eT_Q,1.35252261102873,103.837075355937
ToS3xEwaC9JQKC1kRE_afQ,1.35167510768131,103.836979736025
0LyU0HN2TEVxR_UWYeceXQ,1.35155425477008,103.836990173718
daRUcWpfgPSUvj3qNadoYw,1.35150749864579,103.836987431612
Qd4ClbNd4CGI2efpTNuy4Q,1.35115581862577,103.837067041159
7n601SzegT6Dw2lFQgrAtQ,1.35096543680194,103.836981858946
MNb48Sm6w3ilbrR2PYlXnQ,1.35088394575766,103.837024759638
y_th8drWHU84a-CWjVNmwA,1.34953850042674,103.837044219751
JYJZOQzro0B7MxiNWOUdlw,1.34924790632672,103.837038116352
u8q0WZjst_XeRnTVBtpO_w,1.34917558261521,103.837091631673
2AU7UyxI16LxRNF1M-0h3A,1.35536629856615,103.837135063131
Ecz7wY-99VjkZ0LW4IVoXQ,1.35524716054187,103.837070225542
Pf396-M99b7TfTAd-qJ49w,1.35441358339982,103.837116133736
khTwxUSmVh96AiyTspLYng,1.35377995597055,103.837082697709
dyP0vE0ZZIFLE_UgbqFG7g,1.35372689426964,103.83709384305
yT0QL5RwAVfSInf0LONHlQ,1.35315873848235,103.837142935637
ZnxPiXiE-t9AiI32O1d9Xw,1.35262458433274,103.837077478859
mtLefG6MiT5jHxchJS_cVQ,1.3525425366087,103.837117106742
lgCyb6g1VWSL6-OiXeXUNg,1.35244163167406,103.837115779915
CBPNRb7nrBinD3OuqIoOqA,1.35161230549579,103.837116929832
Jfn-_ltTcw3YsM5ZGJyE2Q,1.35158352145251,103.837085882092
CxAMZzdgUQ3dIg55Cyw1Fg,1.35121148829542,103.837135770772
pdqJblOuOKdf_Qkq4jgRXQ,1.35081416152784,103.83708375917
3zCHR_H9hX0KRA-c_pmrjA,1.35072618229909,103.83711100334
DLAvVNtv4czcRY9rjrgixA,1.35065103819242,103.837157088458
17FwWXuTFnhDDRZ8BdMqUA,1.34947052357504,103.837100300272
RcmcbmOOGKAaE51s8OtXbQ,1.34940040352329,103.837156026996
wAp3IyUeFb37T8UVl4lHqA,1.34910312116465,103.837144262464
XKbd2pgHqwCSPI8JpmoVjQ,1.35542502040875,103.837208569357
bojAvb82r2kfZPAcKpe3cA,1.35530667211762,103.837143201002
k96MFWm-i-2rrRzxCcWvUg,1.35441165202131,103.837202200585
3PHv7wTUETzEeJLzvCGkjg,1.35365573740232,103.837203438957
9unSqAGPJeLUrp0zSipVnA,1.35308048018738,103.837194858806
hpiRPRvS1PHGGu2hCdDmhQ,1.35302590628085,103.83723254071
Yxw9BpgrELZp7VgGLZuyHA,1.35245955624996,103.837157265368
5hUuY6JUhnrkJzhXtxsexQ,1.3523785075939,103.837197335551
hSWOXf-LKR1C3HgYSzIYDQ,1.35227365469049,103.837198573923
wUt-9yY_vGbttH1qg3Sk_g,1.35218741911508,103.837245189802
yWQFNTw-pg9ODI45EafvZg,1.35167054110495,103.83719954693
KI4Co032daIaAyJZDLFu7g,1.35134783295388,103.837289948138
MijaHfwbDVnWRZFJnFl_bw,1.35128783201173,103.837215822681
52UuNYfYAAgGDy-6W0NIsw,1.35127800783178,103.837195743358
a9rH6pMPq85Ymfm0ZBkMdQ,1.35057193011341,103.837208480902
31h3YgHPFz2lBSmhi1iWQQ,1.34932828433551,103.837211223012
vEHhAxk4nVeKHgLHSv_JuQ,1.34925502930627,103.837265003767
UWG5OzNWbR-eMMPElGwb4Q,1.34903059502601,103.837195743358
bUDkPC1qeY92ypxWa7BwfA,1.34895721192242,103.837247047361
OjMUa7G8LpusYvMdXsFhmQ,1.34888454769102,103.837297732198
tEMgInPaI089kkfFr__BnQ,1.35548309188516,103.837283225541
1rXIzmKgj4Kb__gaTjpWKw,1.35538870476408,103.837303658698
lua1hbd-ZX4eU0mDbmp2MQ,1.35452432563149,103.83751710134
ILxvYs6t-xxb1aAVEtNRJQ,1.35440778440315,103.837289152041
FOlX8N1srPl1gWyADNzLow,1.35395670491699,103.83733727169
IvUyS-WlATrpKJmea8zJUw,1.35358221076848,103.837314715602
klzdRinI6n36R4XxePW3XQ,1.3529288356777,103.837297289921
EQlNckcyifSqJdLdl9zSCA,1.35285089536195,103.837343817379
ejneHNVAvbhEokq4pmaM4w,1.35229852367144,103.837238821029
jZ86PY-NPXBixySMPLUuoQ,1.35222010201909,103.837282252534
g4bYePE-SFmFZe6bSG9edQ,1.35210573467963,103.837296316914
pNoU9M22Px93E6P0761Wbw,1.35202888897081,103.837351689897
th5F4io51QQKE7XFDgngLA,1.35193296291091,103.837441472019
ScbQ5gRpXEBRpxZLYQMd5w,1.35171067161328,103.837284110093
4VFAbno6QRctHgM87sh9Mg,1.35118411636064,103.837317280804
kKD9SArI23039Fy-sFejLQ,1.35049334762359,103.837267922789
jm6n2Uv9Qc_jUAqDj2G0Kg,1.35045397261369,103.837299766668
unR4xtBUryFvuybIQ4H8EA,1.34917984718569,103.837318165357
BJvfuPGM53KuCjhln-m9Kg,1.34910467856809,103.83736902713
a6aD7YX-EqfjHo8-TV08ig,1.34881002122752,103.837348947784
mASO5i401ICodYokfq89uA,1.35544420750767,103.837377253471
i9YEyOL2VK1Xl2rBlxpQDQ,1.35441327532646,103.837377961113
97x8B8oJ3nHXFmcK9oPRzg,1.35397084483765,103.837426965347
3vGDvGbeh3INNUSO1ynLQQ,1.35352983475574,103.83739246778
seE-3iIvW7VftAhyYt3B2A,1.35277458061783,103.837393706154
KqicKXlZ24bZMaqiE_UbBw,1.35211566927436,103.837346647947
u_ANIwH-wc5rxtknmGBpwA,1.3517691845215,103.83735593575
F0gcA7befTWskJgYHrnQcw,1.35141661477878,103.837391406316
x8ADG82Z9LPZIImPwXbHUw,1.35111048311051,103.837373980626
nEdImtHsBJAFQOaem_KmUQ,1.35106096809721,103.837452352024
_ljMJWbtb5oIZSbp3BTlzA,1.35058832617648,103.837377695747
mnfQHMXLAnwp8wsejQuQMQ,1.35049603707761,103.837322057387
YkhB-otBD83FghAGpx5tXA,1.35037300115892,103.837364250545
0A7FzNynCsV49soGOCou2g,1.35030582744061,103.837417235263
lnoMPZqsiiJCIcw4Yl-Y0w,1.35012038053293,103.837554517968
-OzpQuCrfsWZ8FoXjYOPQg,1.34902915255631,103.837419888922
dv6LgHWO6_tHAbekHYO_qQ,1.34869472186676,103.837426788437
I25I8ox9kX-a5pLIvlt0Hw,1.35567489394668,103.83748393058
QPIDSV-GoeZy9lV-C53UQg,1.3554990753361,103.837449344543
9NyvxVGovGOtakD26gLEfQ,1.35447595393356,103.837447310071
nCAyA8WLLE0Ny4Aw0DiAog,1.35265204805774,103.837471104555
Udhj69Uv9iGEKz0XNmIk-g,1.35256289286574,103.837527715985
wkKjVBTos6eYhKcORvvD9A,1.35196392860557,103.837466327967
Ct9S1a3opkKGHcWXrK9CfQ,1.35132445827057,103.837497375794
_goTHc1HBA8uZ5F6ZuYNGw,1.35064024145334,103.83745244048
JdB3OZHyeHaUg7q5-mU5Nw,1.35024217192945,103.837467831708
KOB9iVm8x7lq4a92oqfG8g,1.34895205241841,103.837470927645
ktotT-ZiS4QBuswz5o4U_A,1.34887409328558,103.837522143297
e7JAluk8uRKxJxzkZXXUtA,1.34861511798221,103.837478092528
-MK6WXkbSXUHOLCKidO78g,1.34853516595405,103.837527804441
6r85DPyri5tyBPyGlL0hQQ,1.35600647050588,103.83779246319
lXfXlBEasN_lfquVnJXs_w,1.35573636899574,103.837551422029
Fo5Yn7JEqZVgpzqXLqDr-A,1.35561373388163,103.837595649733
4cAEMKInHOrd2-bhbjWt1A,1.35555636058113,103.837523912404
8RpUQnFoj9yw35qdr3l1yw,1.35393736245731,103.837600868603
KkBTxx3odtpZaQ_bpQJoIA,1.35338285637252,103.837528512084
OkCQTqEyvkjQSFkV8rSCNw,1.35248514274639,103.837578577837
QaY-ICQH8H0B4iXaNmD_DA,1.35195019728632,103.837626343768
pvefmf_RS5UCXv95pz86vw,1.35192705178534,103.83753567697
HOVmGsKDjHOTkg8sk8AM9Q,1.35186393407003,103.837567078634
wBVK_DFBLwn_uUX2R-unFw,1.35180412158497,103.83758353134
smM6Q0RG4ZhSm1UAw1LmBA,1.35125541672182,103.837551510484
nkyJ_SddFE5fVeyRTEodgQ,1.35112875970746,103.837564159606
YmRtpLySSmTz0idKRZ2yWg,1.35107653789988,103.837492864571
s3SqqAoMy26g9WZwPF5Axw,1.35075129052791,103.837602726167
aSCELNZVkcIH2sCzMFX4YA,1.35069735889223,103.837530369647
CYf4ZJyAAujVxLq-xJrCgg,1.35034015543097,103.837564955705
9zIfCFjhOxyQddJllfz5oA,1.35024738940465,103.837505336777
qBQVsqp5jT2VYv123KqXaA,1.35004499141666,103.837606087473
fP8t8O7ybYnVZx5_-MhDhg,1.3487892302173,103.837580081579
5e3YE0Tdv8UgYghb4gCzOQ,1.34845507929196,103.837576101086
Q1VIPdt6xTj15RoMVlYeug,1.35579822027455,103.837615729115
fm8_31-SnM6ei1nOq40cuQ,1.35567532198199,103.837668271654
GMxR2cVCGk5DsNAuYkZlKQ,1.35450734936427,103.83760750276
cDxVRHys9REIz7-_-3FEUQ,1.35444672585962,103.837676586468
rH6mZfNjtju8NBHiZaMi_w,1.35388374024217,103.837671456051
y-0Es5oXacJTf48T-f5K8w,1.353243480302,103.837636427688
dqvu5dgz19yVF6IsNqkxQw,1.35240589143687,103.837629351253
jtZjeeZSRwq06ODyjOB21g,1.35230694823418,103.837696665863
thDYWhMcaJDkUFLrRFiyiA,1.35200895832783,103.837692419999
pj4ULy3LUNYi7lIY24HZ8A,1.35180636989575,103.83763970054
yz1wH05kqKCNwlBZVLdaVA,1.35174707868935,103.837652615037
N1mfA9kvY3bxAL3P27qFGg,1.35119209866265,103.837605291374
x5P0IuZj53tcH9TUqkOX2A,1.35115860176062,103.837646953887
Or1KA6bhVV28vqJTUCl9bg,1.35042131096343,103.837739832148
_BZ94-r5d1YLuQKkjV-Kow,1.35040231961755,103.8376358085
P8s8y4WyB3ZoJuBfrStt-w,1.34998367243375,103.837673136705
fvErgGYmbW3Z0iP22moaRg,1.34891443434529,103.837681097698
R5i9nZ8zp81Oshz0Dvnkyw,1.3488708115213,103.837631828005
OY08hPEbEIkn-TqG9cYtiQ,1.34875366999823,103.837669686941
6pI_462S3544gYMHHFAdoQ,1.34872305938342,103.837620947986
1L5pV3a1iACEmQ3pjklGjQ,1.34864790357585,103.837669775397
wRLzXu3Dsrx_LASRY4_cKw,1.34837528398743,103.837623513194
J86VgeJRCqBJnrKQMfoxbQ,1.34829599149571,103.837670571496
iKp2sbTYNDdhlAYD6vD1_g,1.35593355478913,103.837736647749
zTyNPergUK-jiP0RjlSMFQ,1.35575205003111,103.837744874112
QQST3CBHn908m-GSyruktA,1.35439086919862,103.837750004532
vfaak4vS4C_0nPCFTJljAQ,1.35382446902248,103.837741866625
f9cDZhUiUe-rWb28KmdUbA,1.35375567437997,103.837801927934
E1EA-XHuQZhAlvN2Shc2Kg,1.35317195612808,103.837686405026
80jNs5UpFDjDulhp68swRQ,1.35309608948386,103.837732932618
HqkJey2qqkUCed8Otmlu7w,1.35301929634361,103.837778929492
mAYx42YV2okTcLgoVXzcHg,1.35206459063365,103.837755400319
vnaZGW8uTEG9SXA_aLp7oA,1.3517552223297,103.837715772249
yHFVcrJrCSoPC7e9HBrw0Q,1.35169672458449,103.837727536831
bErsAlwAHPnhWgbGgGIwvA,1.35115273213489,103.837734082539
L3wqrH1T2OvT0TXvQPM9Zg,1.35078533774216,103.837712587851
uLeGEcusJyGl4zsGZ5l1dw,1.34991497822395,103.837729482853
ikBnp2xOY2LzsOMPM3C4fw,1.34984270115255,103.837811746501
30F8cJ4hihebUCB1T0zQHA,1.3488669473665,103.837767961005
ROJvlK021VMPK3aqWc3s5A,1.34875234294063,103.837787598135
5IxPIwzvufDGxwrV2i3zMw,1.34868255185893,103.837725148533
YrSs3cIEG-sEw3chOtuwEw,1.34857181725974,103.837718779736
dZf9rhcNvYrb08-grYAMLQ,1.34849422168587,103.837769110927
ielMc2gHh086haDS68LGhg,1.34843106822537,103.837807677546
VGPwW8-OJVg63B3XZzWI6w,1.34826642700512,103.837737532304
uVzkXr5sHcFNI7uOAB3Pug,1.34824948119535,103.837724794711
m8fXP59UF2-pAIYFlZME6g,1.35608089297168,103.837847482554
0nnAzvM6Eorkh_AUZua8ww,1.35583974868084,103.837816788469
GeDv9DgT7U20XbacwfQKDQ,1.35444093564163,103.837958671271
euF_uvFrQlt8Y_dgZXN6kw,1.35434627649341,103.837829702982
tRvOxIMIRpZ4P7dwtf6Mzw,1.35430683404284,103.837872427031
qpDnB1xSFaS--Ua1FhjOqg,1.3536864548795,103.837861281626
QRJMbRiIXuFGhkNEp7ZYGg,1.35294063564941,103.83782634167
RKWxcu4gw1lKZozhh6nlgg,1.35286511991225,103.837874107688
hizDJ44z2UBdgwEnzcBtkA,1.3521211111511,103.837837840895
MXOFGEYMujAkjciPHWZnQQ,1.35171078717452,103.837793613112
4x940ZOMBD6Flf9_rBmtmg,1.35165496389745,103.837800512645
UAy3R2f63VCKCDNy8Iotqg,1.3511420086693,103.837819619047
BUTFwSpyJtVzONcJ4eQCAQ,1.35078097731472,103.837798478168
JUGlMBF6wF-6A_qmL7YZwA,1.35040836171624,103.837863935294
bIL4oVkLUM7MmkvjsWd8Og,1.34978255770877,103.837848809387
RmaUApyPqbJlXJDuaInNIQ,1.34968974266542,103.837896486957
vt16NL1EhEyIUabHJpQb5Q,1.34860074401037,103.837872957765
B0a2SfDhTSCWzqEuBBzeNA,1.34829740137021,103.837846863365
fdUQZt5j0pbmkQ4dzIopiQ,1.34828844939093,103.837812100324
Bpx40EaEOcVlqxTTaHTqqw,1.35623075140562,103.837955486868
U1yjxMcqQcKg6PzurRf-ng,1.35615631842857,103.837902236573
mlB7TpbwNwptf0EXFZQZkQ,1.35601242200322,103.837937176548
7U3zhS46DHw8v5HE1R6jtg,1.35435243421386,103.837926827238
GBWgn-Re195Lfh2GiN4Ubg,1.35425005456779,103.837944695278
bRuOJ6jzxOJk3an0VPQi_g,1.35361866027257,103.837921608355
3xbMLqffNxgE9USFy5iDSQ,1.35277869028779,103.837929303996
tO14Ag10lYj_qdFd0yc6oA,1.35225046150681,103.838014486804
UtxKx2-K_iiTDcIlyAPYsg,1.35217718570298,103.837935495891
4fLmx7IXHwLbMd6pRLd4aA,1.3516689843439,103.837873842321
CLLij3bvTrGvLOYo8wJZvA,1.35158299553946,103.837952125553
Ygg20kzVsjZyt4ST7CM7lg,1.35113298156128,103.837908605378
pn_zcsD3HSf-ghTjox4e0g,1.35076939486758,103.837884191627
WmOnc21LPnoVZbW0S-r6Rg,1.35039755333432,103.837951860186
fvDKs1VuaZNl19bfvQdwVA,1.34987607016866,103.837939830217
dBWfsyXnW2pFIphfdcXHFQ,1.34977886144769,103.837869596452
XpOkC5bJY49356TZ07Nr6A,1.34961741215649,103.837951064085
cuWUJ0YfOlzEwhPRQpifHw,1.34838218765653,103.837888349041
KTL5m1Nof884ktOQyCKmfw,1.34836012432453,103.837944253
k4NF20ILcHw1JFRmJ2P4tA,1.35630418880604,103.838007764171
lPEd9tiHO7OsqizUzw_xYg,1.35616105973491,103.838033681691
sXaYxyp68-aJ0tr8saovfA,1.35608666955064,103.837985384883
uxN4MXVllFLfOLgtjWj_Dg,1.35593982167955,103.837888614408
beXHUj3dD7l9l-nvt8CUmg,1.35447886501611,103.838028462804
v00wWOZeLGeZ65BuZeDurw,1.35418633455593,103.838017494297
ezZ15CrvZrBHYha_xCsKYw,1.35413306142283,103.838077201906
1MigZdRmsR4H3s7JglfUNQ,1.35354376525337,103.837973089545
-IUqYgLW9lC52dzGIl-JJg,1.35346932113088,103.838020855614
-Z-Hcuc1T2yI-FR2uZtMYQ,1.35339107736051,103.838070213903
UAXlxPxy2bqwWVOr18wSxQ,1.35269610643356,103.837987330908
5aBMGSWNxHlqdX6ngmliVg,1.35261905121186,103.838017052019
Gf6WONwbGSG263QguInO_w,1.35228353301364,103.838095423789
RbXDudKVHTYfo42xkZQQBg,1.35163174478127,103.83795645988
SQbSmRYLXkZXM0bQ82HxnA,1.35155435298736,103.838032177944
9p2kCRhrq-JdnVph7vzrcA,1.35153125588016,103.838117891551
l-Jg7SPdR0m8ny1_3iidfA,1.35112343021981,103.838001660728
U4NoRnq-KmCyZhVdMUD5jQ,1.35075920422183,103.837976539316
AsAE1HrPLjY0gUBfhnrDmA,1.3503878017643,103.838042527262
9P21vU9gzifCpwVzfrAwKw,1.34992243649538,103.838021740171
Y01QLEWXSOUgpOCGfSJkPA,1.34954942430153,103.838021386348
E5xnAk5pfsuf74Iydv857Q,1.34857429035639,103.837970701242
kLgf90TDJIF-TmvIyNFj-Q,1.34850048366927,103.838033593235
8CC9dnWscfzp3x1gH2BS8A,1.34844831067551,103.837954336944
0dQlqLOCA0gLxv3Im__wSw,1.35637847944813,103.838060926052
wOrnyx8MmF7PdlX4hqi-dw,1.35623558791648,103.838082863073
vk1eVm6MfhZ_5bdpeSQAdA,1.35449018718306,103.838123021985
hoHqI3Cvs_EoscaUqSB0VA,1.35331325208405,103.838121429781
M_rkt0DQFvQv4Ip8PPTsgw,1.35253816062974,103.83810373863
3WrllxQb-Gr9L_IcDG_mtA,1.3523502790733,103.838153539228
5US1CjT2IIXSF2Cdn8Cmqw,1.35157396371876,103.838128063964
V-_uLa4s5Hll4LZuenparw,1.35111287663454,103.838094893055
S6iqxJdW2S-C2fDw4JY46A,1.35074755041457,103.838074548234
4tOCoWhuhnEUcFtoFnHjgQ,1.35037738244136,103.83813735182
lfR47YTYBOyS_Y4a6l_2wQ,1.34998128576723,103.838096839081
8nWZAnaUmCpK6oRH1HnyrQ,1.34960852380783,103.838102588705
jLaclbqkJn-pQq3R_o-VHQ,1.34857409680332,103.838065791117
-1gMImH5AxHxzwQNzmKXpQ,1.34854570624662,103.838115237878
h0ZmCpzKNf7ds_SHRWVk2A,1.34846083054102,103.838113822586
FZM5DsRWoxrX8On4gVuYfg,1.35630989698638,103.838132840576
cdt2ZBsqVsORf0e8AzHwnw,1.35447385779296,103.838200597714
fsCQs2wKccM6LpjWjHjObQ,1.354070782887,103.838148143425
wYNWwCC4QAc62E-_r0X-zA,1.35396185539313,103.83823438784
QWzUeg4aulMQs13dC4l4Jg,1.35323603103791,103.83816716142
R7Izlhz3voI8ADwMwXOetg,1.35315965450833,103.838215281381
DSeq-KySH4hi33C8rOKOQg,1.35244138075088,103.838278704223
6XYRkCCnoO0kUiE2b49YeA,1.35238272699056,103.838231026519
MRNq3CbXzGpAV-vt2n9tJw,1.35155484069851,103.838219084981
-mdYPJHc0HX1a2EtU-MJ6Q,1.35151372783763,103.838205197417
6BIdd25Xue1gg2qKuZSszA,1.35110260398268,103.838189010003
rU6WQaoTI-4xtKu7ArxMqw,1.35073888778829,103.838162384807
gtPkZBnZHoV6BEf0eKrAsw,1.35072817587505,103.838245975556
XcmNbmUaIEPXDVVHygfZ-A,1.35000960138101,103.83818379111
-4himuX9b1W0LzsyonLfPA,1.34966314264613,103.838179545231
pfUF3xstbIgWoHGOPpWyuQ,1.34860007204936,103.838198651686
1ewF4s_bobgcMNJAovppYQ,1.35445061600207,103.838286134516
KhoaTM9XEMMb9yZe9YIqIw,1.35384430210871,103.838291264957
8UIH7aHtguv8V4qhNJpUVw,1.35371593362908,103.838412361105
DiOVAxbCt4trCsDEIWAG2g,1.35307587309258,103.838270035548
3NnrLOt0fQSTJHUoXnyy8g,1.3529907345412,103.838312229001
N0sbU0Leu3AaZSMRHtb9wg,1.35247348708753,103.838365744824
5V0eSOQ7sdbVlg_WVLD5tg,1.35154193706548,103.838310548339
NKfAhYakyQo5BHNhETna3Q,1.35149876977962,103.838293299442
DDk1yDyEfuAFjOxEma2MTg,1.35109250261801,103.838278261944
EbKUAONAbeFD2CKdfwZgCQ,1.35038555689962,103.838232176445
Z4WfrSbkC32vhI_LEoP3WQ,1.34999986185182,103.838272423856
_HoZc3Z3yl2Oxtet72o3vw,1.34966458729617,103.838275696723
rll9wCbPMSP9xBCssr1S6w,1.34862009237809,103.838285515325
3T9SDN6i3UGN75Jij0kCkw,1.34851374091018,103.838226249903
VhuEz1alzG6Jg5TlbRD0BA,1.35442022157053,103.838371759827
8kaOM-FV9T3xE4TsxZu4NA,1.35369674715905,103.838415633975
HByVihqGxZNKO30kVx-O0Q,1.35291160583884,103.838354068643
vByVatV1GaxPIM5PL_96Pg,1.35281150076199,103.838411918825
6ubCaSlxaYSAaOUsOn-1qQ,1.35153262622135,103.838399092712
lrakkzq94CD0zQX48jmmTA,1.35148545301488,103.838382020715
_cFuaQMz1cdNoRVApn-aAA,1.35108364630319,103.838362471955
FE_pZmy5XPlfuN-DSmgwZQ,1.3507188624339,103.838335050622
shnkmCrOB64aSHgYZxKkmQ,1.35035318895417,103.838338235035
qPirXx9UzPTSdmArw5gDNQ,1.34998831754696,103.838363975706
LKCJU_TY1B0AV2x9i9m06A,1.34965321157491,103.838375209609
6c1mdrccD_6koEw_dNwVpQ,1.34863946653172,103.838372821299
Pdxq2pB9oHG5OeqbJDKnVQ,1.34855599994271,103.838350353495
I-79EwkBS4LS4cdPXYvCKQ,1.35438677590966,103.838465523144
croM5J8Ymz_bKU4iXCGvNA,1.35354504371888,103.838490998471
hY292l_OiPNSOpLLVSTRLQ,1.35151905869975,103.838530980592
btWaVPhxJTipLE1N932KgQ,1.35152850897291,103.838443055324
Y5ztHI_-pI3NLR1dRs9EbA,1.35107361800625,103.838451458642
wE4xuVCBoEToTrRsF5mMhw,1.35071167493644,103.838427487074
vthjOvekwcM92AlEAFe9Aw,1.35034348787644,103.838432529064
0CeojXzgr8BLahiRPu1oAw,1.349976376677,103.838462250272
ejkfIGu32WOaKM-2kgmO9Q,1.34964272377825,103.838469592119
glKcXVEycSlpcm4x74K05Q,1.34865319024595,103.83846030424
18WnZLncAZYWWq4u8Q7RUg,1.34858092092437,103.838480029927
Ts9GcSbDOxG6rHaFP35eQA,1.35436524969594,103.838551237025
ecXZrWYgCgXgdvLGv-Tk7Q,1.35383345063318,103.838558313508
YbaznHdnfgifaKOT4vE9Tw,1.35346550022457,103.838542479876
UpBYMQ5YDct5EAroHMpSNw,1.35338689078831,103.838593253653
Al5vITdNH-ca2T4_pCxY9w,1.35107266655032,103.838541418404
1et4Iik1Riz-OPQEKSJAnw,1.35071125723321,103.838524081021
JKaknbMBwc0LEO6bJApXSQ,1.35034847220672,103.838547168047
G8GLuEcTjuzVdCgiFeFvXg,1.3499661952542,103.838553094601
3PZBlQZ-EtaqmERTDwZe-g,1.34963346094672,103.838562382487
0pccDINnjva2eYhRxXq7Gw,1.34866049432772,103.838544956645
rJ6Aprms63R1mi_pjZpPtg,1.34858569802515,103.838568839779
tyzQkmqBVhy1WJ43N18J7g,1.35434343587528,103.838637216328
5hc5a2-bJ_o7HAzPoRS7fw,1.35387222537812,103.838642523694
j8jyrBIXxZJsf3A_ynI71Q,1.35331249088912,103.838633501172
vz5Be_jC6OoJWWQolfs5FQ,1.35322817209934,103.838694535893
Til-RyrquGy-OMcPDDsVgQ,1.35150773410584,103.838621471143
I0mR_hcARWhhW_SK2d7_6w,1.35106290839934,103.838633147347
BpTcCDZrMKMXj4Gzlr7ZpQ,1.35070751235117,103.838627132333
euU37JhAJBapYty7JInq_A,1.3503384927735,103.838640135379
y4GFtd42_srw0Py39TojwA,1.34997716597803,103.838646681131
nD6vxj0_c4FSt1tEbSZliw,1.34962355809393,103.838654553725
jlPv3_Y2IYrw2QtNFwMtRA,1.34866078024535,103.838668352879
cVqvDARFVmc47T-0cXb16w,1.34858125016416,103.838657649689
l0Ejmi_KGyUgGzZVrNNvJQ,1.34856794157565,103.838745309727
MRIFzZNOWVDbkvqmCf_Jlg,1.35432404813649,103.838724168703
LWr-lSubliVmP_FwYA24EQ,1.35387261831012,103.838734783443
PqqS2apbsQumHdYKXkuWcQ,1.35314266031832,103.838739383163
ypC49O4XIwig2QR65FQ-MA,1.35149519990753,103.83871090028
LVc49zte9HrOzUbSPYXhRA,1.3510535891062,103.838723195685
YvYmhfpCDnErJgdoZE861g,1.35067731605081,103.838716296105
Gqtig-lvR45OB_C8nbjQpQ,1.35032953148689,103.838730183722
ug9AkPFqatR6Mdet2wvB2A,1.3496128181269,103.838743098322
um7_WC6WAmd-NsL_nH5nMw,1.34865590459966,103.838719922808
dz-vTyBm6bG33Z0FmsTGdg,1.35430937154741,103.838812713346
fAFYR7EP-Sg-6ZMsD06i0g,1.35384388650214,103.838817489982
l-ZbIHxK1mdd_C7j1Twfzw,1.35305981190693,103.838769015983
A6TuV3gPX8oC8ZSCxy2F5A,1.35148273466561,103.838800771758
5cH23Yk30v_afdkx_Oz1RQ,1.35104477350841,103.838812713346
AMd3gZPE2LGiV40rwd5Y4g,1.35066752000525,103.838802275513
3ZYQSYJUFNMPflzw2Pradg,1.35032072042037,103.838818993738
yri5UrBe3x4YrYlODEOhpA,1.34960223709828,103.838828900834
mZK7naw4yVO4fI5triu8vA,1.34863441239371,103.838812978715
U7AWyiyHGzbxDVVxJ3OkYg,1.3485475539046,103.838832881365
6gl6kw7jobXFRPacUxRbDQ,1.3542685711846,103.838916737896
ZNFuHUsVCVWlupIaFz-zOA,1.35146869813095,103.838890289469
mvRfNv-x_w02n3sbg04GCg,1.3510370327016,103.838901877241
gAHQLojfZ-JzkzY-q_LqVQ,1.35065804302767,103.838894889195
cCWOxogLnIwfCd2ScdOVsA,1.35031085307266,103.83890497321
JjhhGs0YMPn6bGTJKHfGKA,1.34959173425928,103.838913553469
e57YyAfU6kjfm5NN-iRohw,1.34860545613634,103.83889833899
R_mOuuxJwmr7huXRi96CIg,1.34851949970023,103.838923018292
Tjo66WE8M5B9K1MVnGMelw,1.3542535627767,103.839000859847
V-Ge5EwCNNN01hhDEoZjcQ,1.35353712273285,103.839028900509
AJP1fnNAYlMc2Wp9TwDKkw,1.35145560313505,103.838977772745
EzjgFpobJntM9e0dtWNvfg,1.35102857725732,103.838990952738
siPsuZxqpWHZZOhew_aF5A,1.35066467961387,103.838995906292
tJAV41bTjvOPnoT_8_vvPg,1.35030594259682,103.839011739977
_6ogGb674L8LmuV-m7JQgA,1.34956779091198,103.838985203076
2IEXzLbzZYtPUPaFPBeI3w,1.3486733597475,103.838965565773
D6VfcC7q3WDRZmdW7QnRAw,1.34859048590287,103.838939559619
aVX3IXxn1bKB6ir8d7IKPg,1.34850314773364,103.838968219462
S0EdM-2ULukNH-dIi1QJ5Q,1.35423468705562,103.839098161854
03dCEhTyic952P5dRh1vZQ,1.35346033987381,103.839073040239
7H51ToYGtDAS_0Du4Mq3Xw,1.35336660346883,103.839130094619
et0-k0VBWpxdanXwHJiWKg,1.35144507861923,103.839065963728
CA3gT-44FHXvWin8n7C5lg,1.35101934798866,103.839077816883
9p-JqhZHgZW3nLQFsG58mg,1.35065640475903,103.839066229097
RTuc-XsRHq0LIJbof9UTww,1.34902809302993,103.839366450386
nxJmGAioHjTNbGvyM4ZwIA,1.34893583494648,103.839355481771
KblFQeD4-1C0S1tH5SX0MA,1.34869621326644,103.83905711809
IJ5S_bow-1PLEQg95DtrQA,1.34855874333146,103.839024477692
Xvwz0nTW-9FQT8sJltQpbA,1.34852663043091,103.839111607228
wKbIl4WFpC09xoN0RO2xGw,1.34846879959597,103.839058533392
y01xfuAbf21t7_3XxI9eOw,1.35418265651289,103.839202451992
ULC0dTNBG9GM4QXtx1yyaw,1.3541382031207,103.839159992893
NAeayNyXILHVVj7pLAQNxQ,1.35328968155952,103.839198206082
MSbyYQnn2yl3Kl6k1iJrgw,1.35143591342934,103.839154066312
_XuxVTQnmh_0F2yXRUiTiw,1.35099707776647,103.83916901545
d7wZLfZgEV2JeIdSwkKPGA,1.34911970308769,103.839378215111
GmOxie54XaNwkWJvIMu-RA,1.34878256728792,103.839198294538
QfMMdyl20WgNyHNNGmMr9w,1.34873977407475,103.839141682411
DvEEpgwbSQbeVE4BIWC7ow,1.34849292997878,103.839201213601
S1LwdzR8sSttGgOXjz8jLA,1.34843466604128,103.839148847382
P_cyru_suRjSCa8WAbfqDw,1.35418509663388,103.839299311861
4dWpDm_CjOw5h8bgjugpdQ,1.35402861523374,103.839224566111
sAxhtySRTPHzT9IS2O-IFw,1.35395212777101,103.839279232229
5NOvtfe_GkzTLwp-2sljgw,1.35142595951262,103.839242522779
J3OIuIdDOHEayDhOk2lI2g,1.34883090075658,103.839249068559
C1zHh7lJERhBCSV6dVlMGw,1.34846026046246,103.839285689555
McV8sMDlI9V2UPfRSPWP4A,1.34842338624029,103.839293650643
xiWUOI8JBmNzkTnVvn7_tA,1.34834255347723,103.839298073469
zuKG4-hJiAcVa31BqNQA5Q,1.35425970972108,103.839480736331
YSa3yabwOC38-Q0MJzY57w,1.35421916954944,103.839392633535
qm5e6k5vEMNLdg_lqNqqCA,1.35387018643975,103.839324787345
193VpNGH0Mvt5l8yHw9BiQ,1.35379187687204,103.839373084629
ASVs7T4QG5XrzdNE4KKl_g,1.35141186332558,103.839330006281
HoffjD5yIViQg5sxXdInrg,1.34939352402274,103.839415101512
UvIhLM1RBpyyoahDn320VA,1.34888952566172,103.839350262833
muLQ1il61tHO2wI69RjluQ,1.3487966942467,103.839339559589
gut_WL7iiXsgmOwgIsEjkg,1.34870415215474,103.839328325607
uF0Mv3ukkSIv1Xy6hrsHAQ,1.34861161282606,103.839316649342
0qdutNyE78-9o07y1WNTuA,1.34851871819259,103.839304619253
XTvYm8IelFSgKnDv0B7VLw,1.34831017223502,103.839382195657
LOIc_41kiMi9_zcVGYDXHw,1.35371758907179,103.839418551319
M10g2tsFNIGpQGsubUSDug,1.35363618340057,103.83947047536
xrDnjECFRmlc5AjRvez00A,1.35138734072321,103.839414924599
PZOdGlz-XrrXaq5NwKvDlg,1.34975280234586,103.839464725678
mCfbbEpUw6vTCBKUvHbfwg,1.34966405864213,103.839451722552
kQUB0WNAw9e5Io7npZRFuQ,1.34957409529847,103.839439427081
2bAJNFAyOWKBdpNU23Vwtg,1.34948470013878,103.839427839264
0TOKycgkopbTJnt248QvEg,1.34930177702676,103.839402186847
vFk8moUBArK1699pZHWRHg,1.34921031217051,103.839389979837
zq-SYBr2G1wyLnn0hm0Dow,1.34841090461474,103.839411386334
gqsSim0IwwJpZt0LgStw2g,1.34827749576842,103.839467910117
OZXdOtJRhFF_d6OhZ3QzAw,1.35429556864928,103.839562116474
GJuUeRAp0WlZtQmEVBqLIQ,1.35356650303385,103.839523107073
3PhpUoqo_Gt-SsE6RE0roA,1.35351141384382,103.839563266412
zhJLMaJ9TA-bVlojz-nHTg,1.3513544881881,103.839542656001
cEcQuT0tTRDnUJ2XhZdBQg,1.35013999364535,103.839560258884
cFxQ_yzLLc4PQqc-J4KDbw,1.35001404724895,103.839512846099
FAV4wUv1Vv3JyRbnrMnPSg,1.34992834917332,103.839492501066
fDyxAggCrIgl3vETpmjl4g,1.34984076061249,103.839477551892
xoImOV0j1p092-u7BIt0OA,1.34914980633781,103.839662426414
JqhtRMsmoX7ka8bZLoomeA,1.34906038703162,103.839655172959
rFcnPCBQ8F5tuI92wshmYw,1.34897104352923,103.83964721185
fQ_Ux6OXhW4cvcqfojFQuQ,1.34879326432743,103.839561143451
pEpV1fAZp_erHcbuP2-nTA,1.34871073338768,103.839549997906
Wh0FimKLWkMNUNenFkXdxQ,1.34859870288963,103.839532925765
R0gH-PSY8JaUR42rzWspQA,1.3485143855746,103.83952160331
g7iQZ2CT93h6FxtpyEeQIw,1.34840905605954,103.839508246352
Vdtad7fCjvxe6dUMoGXi6w,1.34835932307834,103.839501612102
QLuU5u030t1rhF2jflzRLw,1.35433085592825,103.83964340821
iNdDBjd0dXDos9pZ8RHaxA,1.35135346907037,103.839619613344
L7JJy05BiqgA7l7sl8bMPg,1.35128580633602,103.839608821622
ujwT6ZJwGNG2irwD6vJN6g,1.35029767198102,103.839648184875
Z9zwzzEeosff8pBB2e0v4w,1.35022020896942,103.839601214343
q0DVH3NgZIUDkmd5JpptVQ,1.34986627673112,103.839714173634
m_229p1_MyZv_HtM2Hs2hQ,1.34977635685581,103.839706654806
chpjIy26V9DuCJkH3VSnRg,1.3496868564989,103.839700816657
kVxMyV-NFkXmg6mqDde0Dw,1.34959670809983,103.83969577462
-9YyntVzWF-JpgxO__5lZg,1.3495074231764,103.839689848015
Xu_LAynf08i2S3JywcKLbw,1.34941864415993,103.839683036843
qCEZOXX9aSXc3Lgb21bYCw,1.34932943676955,103.839676137214
-rBh0CVIO-Y_CaRjPlksKg,1.34923987098106,103.839669414499
VmgCg-hhNVB0QNVN-KQgsQ,1.35436593122196,103.83972425771
-Je8Fhg4IoLduHcJr_9vWQ,1.3513602941792,103.839712758325
5WURcw4Fxos5MbF9NUyckA,1.35122496000776,103.839680383139
UBOHDioMMNWV_Rk6tUPPyg,1.35116019997548,103.839748583335
RyPPhhbCvwSV_h_Gax1e8w,1.35037447915853,103.839697278386
0U8pD3vo1yKxcR3_ljiFKw,1.3501394952814,103.83976937069
HoVBjWAaLRKOJLCU36TVUw,1.35005062103128,103.839741772159
-oa_yylhiFlds5qEaTMmkg,1.34995732766629,103.839723992339
uCqVeD-3o1UhnwrQVtxC_A,1.35440265716742,103.839804134233
Uuc4AsMU3y1OMJTk4X4nLA,1.35139509942644,103.839802895836
Cyf-mKjLDVJOJBW_mn4AKA,1.35110301556497,103.839817668133
vZwbAnREvJJJJgz8MfX3OQ,1.35052667074875,103.839794227064
I7FGt_LN-BE4hbsOqYVqIQ,1.35045107190439,103.839746371914
11dABdhsin32ESr-MtK1EA,1.35030638218256,103.839847831929
Itb9YQPbOlSpBITRhsveKQ,1.35022388759161,103.839805284172
dW9K5F00TYLoEMhsN_dNFA,1.354466343883,103.839909044111
eSGw-KzjFTJultCdMW58vQ,1.35129700366114,103.839884983828
M5BtruU86Db8tSEnWkCRAg,1.35105242413178,103.839896748599
_uFgwEdVPg0zKf14IHV9_A,1.35068426282827,103.839884895371
pKJo6_BTht35W1qtqf7r1w,1.35060484678816,103.839841639947
8UOAvPYtAHWOPwUvb-fBbg,1.35046094111462,103.839943453861
Z9TvI8pI4XiIEpUn5ugHPA,1.35038527450848,103.83989497946
YdDAledh6Y9FdxK7naxAvw,1.35453794103526,103.840043410255
NVvCWJKsosJgBNd7tnleqw,1.35448038110121,103.840004046888
X5DAgFpgwNj1Ny21JqxEEg,1.35158341953333,103.840021296002
xLs0C0pxJOhRWVlldUXFVA,1.35149331595232,103.840007850538
HbRW7pMTR6HJderQanNuVg,1.35139047237957,103.839983878695
RUa2flYCejdZjudYNFsrWA,1.35126414593845,103.8399890092
_7XnvFSIc_jQJFjqnYMUZA,1.35117063402693,103.839983790238
jpG3swQVlSs6NsaB5YlbJg,1.35107919883392,103.839978128991
zal2eSMvBh5l4XTkT1oOtQ,1.35099063985249,103.839969814036
0kr7PtmvzOnYe8kf21WNIw,1.35099543890118,103.840005462199
hAoVy40nZcF95jjzWHVEHg,1.35085633349465,103.839945399914
x-mc5NP2I12lw6aHm9m8vA,1.35076801814991,103.839919835857
gkSkULAm1lE_9DfVywvYpg,1.35053803965437,103.839991662909
yzRnBUk8rHsgsva8RiYROg,1.35461444910029,103.840071362675
Kj6ZdE2aNkha9UAU2x_9KQ,1.35445860426409,103.840095953734
Zm-9VsR2DvgVkBwbA_Z9ZA,1.35194228781744,103.840119925597
2o8XR8YGJTTXJvlK8C_lXw,1.35185377581784,103.840090911682
EQcffS8Ssp7Ds575zKXf5g,1.3517644701113,103.840063136171
8ptmC_slLLT5I45MO7GsIg,1.35167456777944,103.840039606603
Ljyea7kdLkiKqsbBLfDW6Q,1.35137699931726,103.840074900957
VfjOckND0YOwZbK2qPdPAQ,1.35128839288649,103.840062340058
v2g5Attcr4A2OkwCXlw7tA,1.35094010136675,103.840076758555
R2WvD3Y8oRO70OWiM4mkPg,1.3508070990405,103.84011107989
0RUU429zHzg2RWmBfoztAw,1.35071186492169,103.840082419805
ZYZy60q7nngoJ5KeEE8j8Q,1.35062171763174,103.840039871974
nUWhyD8JzWLCdVREawB1cA,1.35476764550002,103.840157785227
hCd1oRws0Iusz_gArRwm6g,1.35468943878274,103.840114441259
71jdPzKlLqe_MY4d6H63TA,1.35439362621457,103.840188302927
FZFsJzbjVm5sADtu_xTyUQ,1.35220132499778,103.840205552065
-7St4yMYplQ-r3u9yPA1PA,1.35211602254236,103.840177953446
ftv2x4N0su8K2c0shGUXlA,1.35203051134819,103.840149381804
Al5uAskGUThjAOc7wUwo0Q,1.35187394624109,103.840213513207
md2BzQpRyOHsN8N38VSJVw,1.35171668848733,103.840150797117
EzI5_TTnvwYmsWszD4HY0w,1.35163293873242,103.840126913705
Y6PHQuIvUHYCd7r1_LtCuA,1.35154782210509,103.840104445611
99FL8vNVO8TczKo0hlwdFg,1.35146205428742,103.840083304376
5Refec64MU12FRndZNNWwA,1.35137653981227,103.840067824394
0GEQHVblHenzKNmGHhTyIQ,1.35118694849701,103.840068443593
46FDeY8iNu4y87f-Lvr5Lg,1.35118687081674,103.840069505078
sp5JVIRrelMzXbY-oaooLA,1.35107443851445,103.840071274218
44nj32iwG6UcPlVbRc3uMA,1.35492784170793,103.84024588852
ip--DYKZyOHjwg-7ep5ChQ,1.35484770778026,103.840201836866
SETDtrYL2FLhlPJvTRmRCg,1.35434811490224,103.840266145208
DDKCx6gemcetoEfHG0pZXg,1.35245820678302,103.840293124646
CB19Pp0Bf3maGuLIwfR06w,1.35237235588462,103.840261368522
mA2nuboLVXfEZo-QlnorKQ,1.35228698622479,103.840232973776
xp6vvUwKUwJSbtIXHucbSw,1.3521200538222,103.840308781568
5Q2VMLpqKVhLOCan9P91LA,1.3520351976292,103.84027826384
82fBpcHNcBu1F-NKDNVbEw,1.35195263886112,103.840246242348
vvuZx3W03par1onKxbi3Lg,1.35512150603577,103.840347083537
1cZwTySp8dI0us23iNNbqA,1.35500852887468,103.840293213103
WgfNQ5jF26oO8Tj0uGRE5A,1.35431967440866,103.840360175205
UsvvuDMULl5fzCfKBSlwgQ,1.35271599862796,103.84038432403
GGS_NVZT1yiY8qveVwvfKQ,1.35262962554834,103.84035619463
j4wgVUz9S2nCe4PVw13wrQ,1.35254362667443,103.840325234606
a4y3DB7xtRTq-LYaEQUvog,1.35220627567656,103.840338149358
HS6Mbe1z5VOweF82MClx8A,1.35519621954484,103.840400865535
sB7oZ5uD_Zp7uYu2xOrptA,1.35433911603988,103.84039909639
Iw3UD4Ecc-0ZKpSh756meg,1.35297312764678,103.840479061767
rWSlVRWZOxoKNyt7-TTz9g,1.35288800282407,103.840445271082
7ZUtpcuIyhjfIuITnDWumQ,1.3528027207146,103.840413957208
lfQNOfuhUrC376ww4pk6EQ,1.35272979975672,103.840495337911
Zzkkx_VuslnPyFtlgzrlmQ,1.35263998149354,103.840469331464
gE162vD9-QIydnLfAgdl_Q,1.35255037590263,103.840443678851
fmVZYo1WLSQQdNGxbP6rfQ,1.35246384316877,103.840418468528
Z424-h_z--TJS96FFvZX_Q,1.35526404433424,103.840458539674
4AGgu6o0gdDxlx1YtBMg-Q,1.3545894824185,103.840539124288
uEpyklYizj1FA_PeJc9X1w,1.3545063514892,103.840494011052
vnqMw4NUFrSsfO3IgzRkow,1.35441780570714,103.840445359539
HSubDIVqMwy_2_dr130z1g,1.35314336539935,103.840548766138
sIzR5qLZcpXPGRoRzY70TA,1.3530588911431,103.840513737033
dBzc9KeMYpxBE0Pb7liuGA,1.35291013090376,103.840550977572
T3JzEJ7tQTtBjkJ7iC48MA,1.3528195405057,103.840522405852
oeC3IpRhRVVg0DVrn6T7vA,1.35469879175328,103.840596267742
o3ybl66Zf0pGeZSQZmZMRQ,1.35468260483206,103.840587952749
pkChrPu55bNR_nNIjePcHA,1.35339621227425,103.840654649624
2OiG6EyN-CAX_Hjt2k1W6w,1.35331252531161,103.840619443577
wGHKzOPvyRSiIaBYFEUFkw,1.35322748323912,103.840583618338
3ij4o4BV_iMg7raBuAP6-A,1.35309025335092,103.840618028259
-zjxKdUA4WT9lvvZP-_ifA,1.35300106055118,103.840582733764
ubvVnjAaV3Tuk_ywpBWTLQ,1.35492725897384,103.840714358393
Ms83csmZTvCSdwFBjp36HA,1.35482888927771,103.840669952758
MRKrm3_dDVbBt-vcwi3PwA,1.35356365969848,103.840724796373
pCeKVfvA5B6nWiS9BzF-sw,1.3534804000164,103.84068985568
CnY0qSvFJspee8vEJ4exaA,1.35326872228482,103.840698966797
GvCcfFDLlnIGZOfdIO-Dmg,1.35317993717214,103.840655003454
tm_2tYlUARislD0x7kKgfw,1.35499593700467,103.840760533193
hX2f66vIWraWiS6Y3p5w7A,1.35381401176526,103.840829618506
L51uM-A9Wf2Ks5EhLAXlug,1.35372946584231,103.840794412414
B6fIBMNNtkROWrRjUlRpvw,1.3536462063886,103.840759383245
trnKGpQgSLzxmt8JxVwiWg,1.35355503911625,103.840842002561
eqhcNZ91dzNtXm5jpfMK_g,1.35344153102576,103.840806354178
gu0Qv77WX64q-RXAZYGswg,1.35332855989169,103.840727627012
C1ALg-y3hU0C3QcnBrVM0Q,1.35512195327612,103.840847398471
ZHhWYE8whNF3MI0we8UDog,1.35398359903334,103.840901003752
bRiaksKVtm0EQO7zzsLHPA,1.3538984852872,103.840865001523
pkrn2oacxgwqZgSODVDwgg,1.35371535769875,103.840908257273
IbcgJY2FbpW9BpJNjablJg,1.35363394906733,103.840874731854
32gIHJ0FaucMQyoNhnXuUg,1.35415197465731,103.840971769831
e8TvHHlmlN09BgedF1EmmA,1.35406764476131,103.840936209872
NPcuUsbBmA96PaEAcDdhrg,1.35396363582959,103.841013168005
ZGp-ZB39bKZhch9cwmOVjQ,1.35388058800075,103.840978581069
F_mlUZdLPNISw9Z8GzF7aw,1.35379804507096,103.84094328648
yrPN_EK--bTaG_HMQWlrng,1.35440397115014,103.841077211359
lg95TExt4gocjXNLNzrgfQ,1.35431935164145,103.841042182118
VJTtnkeAdnhM-YCFqlbXrg,1.35413116438065,103.841081988074
DsDBqVW9v9WGw3Q3tckWSg,1.35404668431654,103.841047666493
BYuDfTQu4vSheJlcNkabug,1.35465370449598,103.841178495453
zjix4uDXzakxWnFu6D6_tw,1.35457129294034,103.841144969968
rkDYZUl_rO4VoyjruxIE2w,1.3544882393841,103.841111179117
WDcLlfjBjUc77iI6V6gKEw,1.35438280663581,103.841186810483
UTfFTadikD7FxMEMMDVR-Q,1.3542999042144,103.841151692756
KN7bnX4tNYCpKdRNU1ccAQ,1.35421657075349,103.841116928868
BGP0R6jwzEqJYuAZZ9vUbQ,1.35486055366745,103.841262795722
7Qxv7hxn7UbX3ekDIrPesw,1.35477685643392,103.841228916385
4nfnk6EpxPpPicDLBTYqSw,1.3545540402816,103.841258284374
YRHqK0r64VKHPzUZAGXhFA,1.35446706603354,103.84122228205
DoL9gRII7A0TKkRBi_udNg,1.3551152522233,103.84135930323
bnl7nQwAr9ZZ7qWFkZ3hNg,1.35503053417433,103.841328696809
PBocB0ooMVg8uq0IqXzSqA,1.35494596859494,103.841296498153
AFNsmWU_CZD29JyCDFE-0A,1.35478257624944,103.841352049685
ryIPeK4lNB37DGFv5C4N_w,1.35468946004459,103.841314455095
F3b7hpCN1b4ws7mupp2qlw,1.35464393932256,103.841295613575
ztQqeiTTG9BBEYdEZ6-_Lg,1.35510041350992,103.841451034078
G3rnhuWsPm71jfjObjW8qA,1.35501519693286,103.841420073804
